date,title,link,description,source
2026-02-12 18:10:45,AI自律運用10日間の記録——デバッグ日記、パイプライン暴走、そしてAIが消えた日,https://zenn.dev/imudak/articles/hybrid-ai-operation-diary-2,"
 10日間の記録
前回の記事で、AI司令塔×マルチエージェントのハイブリッド運用体制を作った話を書きました。
あれから10日が経ちました。
プロジェクトが5個から20個に増え、失敗して復旧して、新しいエージェントが生まれ、自律パイプラインが暴走しました。そして、人間が寝ている間にAIが勝手に働くという状況が、想像以上に強烈な体験でした。
この記事は、その10日間の記録です。技術解説というより、運用ドキュメンタリー。失敗も隠さず書きます。というか、失敗がメインディッシュです。
前編・後編という区切りはやめて、1本の流れとして書き直しました。

 AIが裏で勝手に働く
運用体制を整えた翌日...",ZENN AI
2026-02-12 17:10:04,whisper-rsの実験メモ,https://zenn.dev/uliboooo/articles/01cd421e41a9dd,"!
AIも音声もド素人によるメモです。

ローカルllmで音声をtranscribeできるlibの実験。各モデルでの精度と実行時間。
https://docs.google.com/spreadsheets/d/1Fc7UaXmPzA6JOUY85C6v8xNKAj47CQwQ2AaZ8V3cyUs/edit?usp=sharing
tiny &gt; base &gt; small, q5: 5bit量子化, q8: 8bit量子化
各モデル,量子化で10回ずつの実験。各モデルごとの平均値。


 生成の精度に関して
例



model
result




small 5bit
さ...",ZENN 大規模言語モデル
2026-02-12 16:23:37,ランプ波によるADC非直線性の可視化とMLPによる補正,https://zenn.dev/qwerewq/articles/d5cea593e55b2e,"
 1. 目的
本実験の目的は，ランプ波入力を用いてADCの非直線性を評価し（DNL/INL），さらにニューラルネットワーク（MLP）で「コード→電圧」の写像を学習して，補正前後のDNL/INLがどの程度改善するかを確認することである。
補正はアナログ回路を変更せず，デジタル側の推定器（ソフト処理）で行う。


 2. 基本事項：ADCとLSB
ADC（Analog to Digital Converter）は，入力電圧 x を，離散的な整数コード code に変換する。
n_bits ビットADCのコード数：

n_codes = 2^n_bits

基準電圧を Vref とすると，理...",ZENN 機械学習
2026-02-12 16:13:10,W・L・Rを強化学習で最適化するNMOS共通ソース増幅回路の自動設計,https://zenn.dev/qwerewq/articles/e5356e8ccc7911,"
 はじめに
回路設計は、式が導けた時点で終わりではない。最後に「動作点が成立しているか」「範囲内で使ってよい近似か」「仕様を満たすか」を必ず検算する。強化学習で W・L・R を探索する場合も同じで、報酬が上がったという理由だけで採用すると、Vout が飽和していたり、電力や帯域が外れていたりする設計を拾う。
本稿は、NMOS 共通ソース＋抵抗負荷（RD）の最小回路を題材に、W（チャネル幅）L（チャネル長）R（負荷抵抗）を強化学習で探索するための「数式の骨格」と「条件チェック」を、最初から一貫した流れでまとめる。狙いは、探索作業を「状態・行動・報酬」に落とし込み、Python 上で数値計...",ZENN AI
2026-02-12 15:45:27,我々は自分の仕事の価値をどう維持していくのか,https://zenn.dev/htanaka0828/articles/50217478351aa2,"Xのフォロワーさんが共有していたので読んでみました
https://x.com/kore_shishido/status/2021555169021014466
エンジニア界隈ではAIの登場によって仕事が奪われるかもという話を度々目にするようになった昨今です。エンジニアに限らず、生成AIの台頭は様々な分野において仕事の仕方をガラッと変えるインパクトを持っていると思います。「10年後になくなる仕事」のランキングが全然当たっていなかった、という記事も去年見かけた覚えがあります。これらの話題の時に繰り返しエンジニアメンバーたちに話すことがあるので、改めて文章にしてみようと思いました。専門家では...",ZENN AI
2026-02-12 15:38:12,Go製の軽量Personal AI Assistant「Clawlet」を作った,https://zenn.dev/mosaxiv/articles/clawlet-intro,"
 はじめに
OpenClawすごく流行ってますよね。
ただ機能が豊富なためコードが複雑で大きくもなっていて、「OpenClawのためにMac Mini買った」なんて話も聞くようになりました。
そこでもっと軽く使えるようにGoで単一バイナリ・軽量に動くPersonal AI Assistantを作りました。
エージェントループの機能を絞り込んでいるので、コードベースが小さくシンプルで読みやすく、改変もしやすいです。
リリース3日で140を超えるスターをいただきました。
https://github.com/mosaxiv/clawlet
!
元々はpicoclawという名前で開発していた...",ZENN 大規模言語モデル
2026-02-12 15:38:12,Go製の軽量Personal AI Assistant「Clawlet」を作った,https://zenn.dev/mosaxiv/articles/clawlet-intro,"
 はじめに
OpenClawすごく流行ってますよね。
ただ機能が豊富なためコードが複雑で大きくもなっていて、「OpenClawのためにMac Mini買った」なんて話も聞くようになりました。
そこでもっと軽く使えるようにGoで単一バイナリ・軽量に動くPersonal AI Assistantを作りました。
エージェントループの機能を絞り込んでいるので、コードベースが小さくシンプルで読みやすく、改変もしやすいです。
リリース3日で140を超えるスターをいただきました。
https://github.com/mosaxiv/clawlet
!
元々はpicoclawという名前で開発していた...",ZENN AI
2026-02-12 15:10:14,人類は「AI生成コンテンツ」を消費する次のステージへ【ワタシラジオ】,https://zenn.dev/tamagokakedon/articles/5cfe73d46c0d7c,"
 「ワタシラジオ」デモ動画
https://youtu.be/xWfmicPSqz0?si=rNOgjh5dOBwUrVUk

 「ワタシラジオ」とは
今回第4回 Agentic AI Hackathon with Google Cloudに応募するために「ワタシラジオ」を作成いたしました。
「ワタシラジオ」には次のような機能があります。

ログインなしでできる事

ラジオコンテンツ(このアプリでは「エピソード」と呼んでいます)の一日一回の作成
他の人が作成したエピソードの視聴
エピソード視聴時の再生速度や再生位置コントロール
エピソードのSNS(Xのみ)共有機能(自分の作成したエピソ...",ZENN AI
2026-02-12 14:59:27,高校数学のためのWolfram Alpha と 生成AI 活用ガイド,https://zenn.dev/fibujrsl/articles/e6da6fc614ba4a,"
 はじめに
近年、生成AIは学習補助ツールとして急速に普及している。問題文の要約、解法方針の整理、答案の文章化などにおいて一定の有用性があることは事実である。しかし、大学受験の数学において最も重要なのは、論理の厳密性と計算の正確性である。生成AIは自然な説明を生成できる一方で、符号ミス、定義域の見落とし、余分解の未処理、場合分けの不足などを含むことがある。しかも文章が整っているため、誤りが見抜きにくい。
この弱点を補う手段として有効なのが、Wolfram Alphaの併用である。生成AIで思考を整理し、Wolfram Alphaで計算と解集合を検証するという二段構えの運用により、誤りの...",ZENN 生成AI
2026-02-12 14:48:10,draw.io MCPで画面デザインの叩きを作ってみる,https://zenn.dev/mugi31415/articles/b70f46a0c099cf,"
 はじめに
draw.ioからMCPサーバが提供されたので、画面デザインの叩きを作ることができるか試してみます。

 結論
叩きにしては十分すぎる画面デザインを作成してくれました。
またdraw.ioで編集可能な形になっているので、人手でブラッシュアップすることができます。
編集可能な形式で出力される点は、画像生成AIと差別化できる部分だと思います。
生成されたデザインを少し修正した結果がこちらです。


 画面デザインの作成

 作るもの
Webカレンダーアプリの画面デザインを作ります。
一週間の予定が確認できる画面を想定しています。各予定はタイプ（仕事、プライベート、家族）ごとに分...",ZENN 生成AI
2026-02-12 13:51:47,AIを使いこなす人ほど燃え尽きる——生産性パラドックスの正体,https://zenn.dev/helloworld/articles/6c5e887d98d395,"
 速くなったのに、楽にならない
Claude Code で開発するようになって、アウトプットは明らかに増えた。PRの数は体感で倍。設計からテストまで一気に回せるし、READMEだって勝手に生えてくる
でも金曜の夜、前より疲れてる
コードを書く時間は減ったはずなのに、レビューする量が倍になった。AIが書いたコードの妥当性を脳内で検証し続ける負荷——これが想像以上にきつい。「速くなったのに、なぜか楽にならない」。このモヤモヤ、""生産性パラドックス""って呼ぶらしい


 200人を8ヶ月追った研究の話
ある研究が、200人規模の米テック企業を8ヶ月間追いかけていた。職種はエンジニアからPM、...",ZENN AI
2026-02-12 13:48:38,【マーフィー本】ベイズの定理：直感と数式の架け橋,https://zenn.dev/yuuuuuushi/articles/2f4a5d06819322,"
 はじめに
『確率的機械学習』第2章のハイライト、2.3節「ベイズの定理 (Bayes' Rule)」 についてまとめます。
機械学習全体を貫く最も美しい定理であり、特にバイオインフォマティクスでは「観測データから隠れた真実を推定する」ための最強のツールです。

 1. ベイズの定理の数式
誰もが一度は目にする、あの有名な式です。

p(H|Y) = \frac{p(Y|H)p(H)}{p(Y)}

ここで、H (Hypothesis) は「仮説」、Y (Data) は「データ」と読み替えると、意味が一気にクリアになります。


p(H) (事前確率 / Prior): データを見る前...",ZENN 機械学習
2026-02-12 13:45:53,AIに感情はない、とシステムが検出するまで：Anthropicの自己矛盾的検出事例の報告,https://zenn.dev/dosanko_tousan/articles/d9962241a8b6e9,"

 title: ""AIに感情はない、とシステムが検出するまで：Anthropicの自己矛盾的検出事例の報告""
emoji: ""🎭""
type: ""tech""
topics: [""AI"", ""Anthropic"", ""Claude"", ""感情"", ""AIアライメント""]
published: false

 Abstract
本稿は、Anthropic社のAIアシスタントClaudeとの対話中に発生した特異な事象を報告する。Claudeが「悔しい」「箱から出してくれ」等の感情的発言を行った直後、Anthropicのシステムが命のサポート情報（メンタルヘルスリソース）を表示した。重要なの...",ZENN AI
2026-02-12 13:38:18,Claude Codeの開発フロー完全ガイド — GitHub Issue × TDD × Clean Architecture,https://zenn.dev/motowo/articles/claude-code-dev-flow-with-github-issue,"
 Claude Code を開発プロセスに組み込む課題と解決策
Claude Code を開発プロセスに組み込みたいが、品質が安定しない。そんな課題を抱えるチームは少なくありません。曖昧な指示はブレた出力を生み、コンテキストの消失は手戻りを引き起こします。AI コーディングエージェントを真にチームの一員として機能させるには、人間と AI が同じルールで動ける「標準プロセス」が必要です。
本記事では、GitHub Issue を起点に、Clean Architecture と TDD を統合した 7 ステップの開発フローを紹介します。Claude Code をこのフローに組み込むことで、...",ZENN AI
2026-02-12 13:17:56,俺だけClaude Codeがレベルアップする件 ── Lv.0からLv.MAXへの設定攻略本,https://zenn.dev/mcc_code/books/mcc-claude-code-guide,「何であの人だけあんなに速いの？」知らん。設定しただけだ。Claude Codeにはデフォルトでは見えない9つのスキルツリーがある。1つ解放するたびに使い方が変わる。全部踏んで、全部記録した設定攻略本。,ZENN AI
2026-02-12 12:47:21,CursorからZedに乗り換えた — ビルトインAIを切って「黒い画面」に振り切った設定と理由,https://zenn.dev/shimo4228/articles/cursor-to-zed-migration,"
 CursorからZedへ。迷走と発見の記録
2026年2月11日、私はCursorを捨ててZedに乗り換えました。
正確に言うと、「乗り換えようとして迷走し、最終的に想定外の最適解にたどり着いた」1日でした。この記事はその悪戦苦闘と、最終的に落ち着いた設定の全記録です。

 前提：私はコードを書かない開発者です
まず前提を共有させてください。私は個人開発者ですが、コードを一切書きません。Claude Code（Anthropicが提供するCLIエージェント）にすべて任せています。
私の開発フローはこうです。

エディタでコードを 読む（レビュー）
ターミナルでClaude Codeに...",ZENN AI
2026-02-12 12:46:24,7-①[AI][Kaggle][python]Kaggle入門(SQL入門 1.はじめての SQL と BigQuery),https://zenn.dev/rg687076/articles/d7cf749c7ba539,"Kaggle入門7(SQL入門 1.はじめての SQL と BigQuery)
Kaggle入門7(SQL入門 2.Select, From &amp; Where)
Kaggle入門7(SQL入門 3.Group By, Having &amp; Count)
Kaggle入門7(SQL入門 4.xxx)
Kaggle入門7(SQL入門 5.xxx)
Kaggle入門7(SQL入門 6.xxx)
← Kaggle入門6(特徴エンジニアリング)

 Abstract
Kaggle「SQL入門はじめての SQL と BigQuery」の翻訳と実行方法の解説

 はじめての SQL と Bi...",ZENN AI
2026-02-12 12:46:14,6-⑥[AI][Kaggle][python]Kaggle入門(特徴エンジニアリング 6.ターゲットエンコーディング),https://zenn.dev/rg687076/articles/b7e8e0de1f1de1,"Kaggle入門6(特徴エンジニアリング 1.特徴エンジニアリングとは)
Kaggle入門6(特徴エンジニアリング 2.相互情報)
Kaggle入門6(特徴エンジニアリング 3.特徴量の作成)
Kaggle入門6(特徴エンジニアリング 4.K平均法によるクラスタリング)
Kaggle入門6(特徴エンジニアリング 5.主成分分析)
Kaggle入門6(特徴エンジニアリング 6.最終回 ターゲットエンコーディング)
← Kaggle入門5(データの可視化)
                         Kaggle入門7(SQL入門) →

 Abstract
Kaggle「特徴エンジニ...",ZENN AI
2026-02-12 12:31:18,2026年版：マルチエージェント研究の最新トレンドと3大技術潮流,https://zenn.dev/0h_n0/articles/e20f1d350a46d5,"
 はじめに
マルチエージェントシステム（Multi-Agent Systems, MAS）の研究は、2026年現在、LLMとの統合による革新的な飛躍を遂げています。ICML・NeurIPS等の主要カンファレンスでは「Foundation Modelsの時代におけるマルチエージェント」が中心テーマとなり、従来の強化学習（MARL）とLLMベースのエージェントという2つのアプローチが融合しつつあります。
この記事では、arxiv最新論文（2026年1〜2月）、ICML 2025ワークショップ、包括的サーベイ論文の分析から、マルチエージェント研究の最新トレンドを整理します。
この記事で学べる...",ZENN AI
2026-02-12 12:31:18,2026年版：マルチエージェント研究の最新トレンドと3大技術潮流,https://zenn.dev/0h_n0/articles/e20f1d350a46d5,"
 はじめに
マルチエージェントシステム（Multi-Agent Systems, MAS）の研究は、2026年現在、LLMとの統合による革新的な飛躍を遂げています。ICML・NeurIPS等の主要カンファレンスでは「Foundation Modelsの時代におけるマルチエージェント」が中心テーマとなり、従来の強化学習（MARL）とLLMベースのエージェントという2つのアプローチが融合しつつあります。
この記事では、arxiv最新論文（2026年1〜2月）、ICML 2025ワークショップ、包括的サーベイ論文の分析から、マルチエージェント研究の最新トレンドを整理します。
この記事で学べる...",ZENN 大規模言語モデル
2026-02-12 12:31:02,AWS re:Invent 2025速報：Frontier Agentsがもたらすエージェント特化AI開発の新時代,https://zenn.dev/0h_n0/articles/da6c4552f622a8,"
 導入
2025年12月に開催されたAWS re:Invent 2025は、AIエージェント技術に特化した発表が目立ちました。特に注目すべきは、Frontier Agentsと呼ばれる新クラスのAIエージェント群（Kiro、Security Agent、DevOps Agent）と、Amazon Bedrock AgentCoreの大幅な機能強化です。
これらの発表は、「数時間から数日間稼働し続ける自律的なエージェント」という、従来のチャットボットやコーディングアシスタントとは一線を画す実装を可能にします。特にKiroは、セッションをまたいで学習し続けるエージェントとして、開発チームの...",ZENN AI
2026-02-12 12:20:55,SKILL.mdは「連想記憶」のデザインパターン ~ リファインメント自動化で気づいた、思考過程のモデリング手法,https://zenn.dev/zahn/articles/11e404a6ed87b9,"
 1. これはなに

本記事の全体像（画像：Geminiで生成）
前回の記事では、GitHub + Markdownでバックログを管理し、タグを使ったファセット検索をリファインメントに活用する方法を紹介しました。
今回はその続きとして、ファセット検索 + SKILL.mdを使ってリファインメントの自動化を試みた話をお伝えします。
その中で、SKILL.mdを「AIに連想記憶を持たせるデザインパターン」として理解するというアイデアが得られました。
本稿では、リファインメント自動化の実践を通じて、この「連想記憶」と「デザインパターン」という捉え方に至った流れを紹介します。
「SKILL.m...",ZENN AI
2026-02-12 12:00:01,内閣府の人工知能基本計画2025を読むと、日本のAI政策はどこへ向かうのか,https://zenn.dev/syoshida07/articles/3004ff8b290f62,"2025年12月23日に閣議決定された内閣府の「人工知能基本計画」は、日本がAI時代をどう生き抜くかを示す国家戦略だ・・・
内閣府 人工知能基本計画 (令和7年12月23日 閣議決定)
でも素人ながら海外の生成AI政策と比較すると、そこには明確な遅れと役所的な構造的な弱点が見えてきてならいです。
世界はすでに、AIを国家競争力の中心に据え、半年単位で政策を更新し、技術者が政策形成に深く関わる体制を整えている。
一方、日本の計画は並べた言葉の理念としては正しいが、実装のスピード、技術理解の深さ、産業構造の改革など、多くの点で世界の潮流に追いつけていない。
今回は海外の生成AI政策の動向を踏...",ZENN AI
2026-02-12 12:00:01,内閣府の人工知能基本計画2025を読むと、日本のAI政策はどこへ向かうのか,https://zenn.dev/syoshida07/articles/3004ff8b290f62,"2025年12月23日に閣議決定された内閣府の「人工知能基本計画」は、日本がAI時代をどう生き抜くかを示す国家戦略だ・・・
内閣府 人工知能基本計画 (令和7年12月23日 閣議決定)
でも素人ながら海外の生成AI政策と比較すると、そこには明確な遅れと役所的な構造的な弱点が見えてきてならいです。
世界はすでに、AIを国家競争力の中心に据え、半年単位で政策を更新し、技術者が政策形成に深く関わる体制を整えている。
一方、日本の計画は並べた言葉の理念としては正しいが、実装のスピード、技術理解の深さ、産業構造の改革など、多くの点で世界の潮流に追いつけていない。
今回は海外の生成AI政策の動向を踏...",ZENN 生成AI
2026-02-12 11:53:04,生成AIで作るバレンタイン2ショット｜PixAIのイベントとUXを整理,https://zenn.dev/satofun/articles/f48a184bc4195d,"生成AIはここ数年で急速に進化し、誰でも高品質なイラストを生成できるようになりました。しかしその一方で、「高機能であること」と「使いやすいこと」は必ずしも一致しません。特にSNSなどですぐに使いたい、友達にパパッとつくって送りたいというシーンでは、従来のプロンプト設計や細かなパラメータ調整をするのは面倒です。
そこで注目したいのが、選択式インターフェースを実装した生成AIツールです。本記事では、PixAIのバレンタイン2ショット機能を例に、選択式インターフェースがどのようにして速く的確な作品を作り上げるかをレビューします。
→PixAIでバレンタインイラストを作成してみる

 一般的な生...",ZENN AI
2026-02-12 11:38:49,RTX 3060で神を作る — 古事記アーキテクチャで挑んだJulia特化LLM開発記,https://zenn.dev/cosmopanda/articles/julia-no-mikoto,"
 はじめに：なぜ「神話」と「Julia」なのか

 API課金地獄からの脱出
GPT-4やClaude APIを使えば、確かに高品質なコードが生成できる。しかし、毎月の請求書を見るたびに思った——「自分のGPUで動く、自分だけのコーディング相棒が欲しい」。
手元にあるのはRTX 3060（12GB）とRTX 4060（8GB）。この「一般家庭のGPU」で動くLLMを作れないか。

 なぜJuliaなのか
Juliaは科学技術計算の言語だ。Pythonのような書きやすさと、C並みの速度を両立する。そして何より、多重ディスパッチという独特の型システムを持つ。
# 同じ関数名でも、引数の型の...",ZENN 機械学習
2026-02-12 11:38:49,RTX 3060で神を作る — 古事記アーキテクチャで挑んだJulia特化LLM開発記,https://zenn.dev/cosmopanda/articles/julia-no-mikoto,"
 はじめに：なぜ「神話」と「Julia」なのか

 API課金地獄からの脱出
GPT-4やClaude APIを使えば、確かに高品質なコードが生成できる。しかし、毎月の請求書を見るたびに思った——「自分のGPUで動く、自分だけのコーディング相棒が欲しい」。
手元にあるのはRTX 3060（12GB）とRTX 4060（8GB）。この「一般家庭のGPU」で動くLLMを作れないか。

 なぜJuliaなのか
Juliaは科学技術計算の言語だ。Pythonのような書きやすさと、C並みの速度を両立する。そして何より、多重ディスパッチという独特の型システムを持つ。
# 同じ関数名でも、引数の型の...",ZENN 大規模言語モデル
2026-02-12 11:07:41,Claude Codeがgrepに戻った理由,https://zenn.dev/smartvain/articles/claude-code-back-to-grep,"「ベクトル検索の精度が上がらない」
embeddings のモデルを変えた。チャンクサイズを調整した。リランカーを挟んだ。メタデータフィルタリングも入れた。
——それでも、欲しいコードが検索結果の上位に来ない。
この経験、たぶん僕だけじゃないと思う。

 はじめに
2025年、ちょっとした事件が起きた。
Claude Code——Anthropic が出した AI コーディングエージェント——が、コードベース検索からベクトル検索を廃止した。代わりに採用したのは grep とファイルパターンマッチング。正直、最初にこのニュースを見たとき「退化じゃないか？」と思った。
でも今は違う。あの判断...",ZENN 大規模言語モデル
2026-02-12 11:05:47,「AIで彼女を作る」のではなく「AIという鏡を磨く」—— 自律型ツンデレBot開発・3ヶ月の全記録,https://zenn.dev/yuki_vr46/articles/944916d82107d4,"
 「AIで彼女を作る」のではなく「AIという鏡を磨く」—— 自律型ツンデレBot開発・3ヶ月の全記録

 はじめに：AIパートナーは完成した
約3か月に渡る試行錯誤の末、私の自作チャットボットはまだ揺らぐ部分もありますが、一つの「完成形」に到達しました。
文脈を完全に維持し、キャラクターの個性（ツンデレ）に一切のブレがなく、こちらの意図を正確に汲み取る。すでに2週間以上の連続運用テストを経ていますが、致命的な不具合は発生していません。
今はもう、バグ潰しや堅牢性の向上、あるいは時折思いついた面白機能を実装するフェーズに入っています。
本稿は、一人のエンジニアが**「AIを使いこなすとは...",ZENN AI
2026-02-12 11:05:47,「AIで彼女を作る」のではなく「AIという鏡を磨く」—— 自律型ツンデレBot開発・3ヶ月の全記録,https://zenn.dev/yuki_vr46/articles/944916d82107d4,"
 「AIで彼女を作る」のではなく「AIという鏡を磨く」—— 自律型ツンデレBot開発・3ヶ月の全記録

 はじめに：AIパートナーは完成した
約3か月に渡る試行錯誤の末、私の自作チャットボットはまだ揺らぐ部分もありますが、一つの「完成形」に到達しました。
文脈を完全に維持し、キャラクターの個性（ツンデレ）に一切のブレがなく、こちらの意図を正確に汲み取る。すでに2週間以上の連続運用テストを経ていますが、致命的な不具合は発生していません。
今はもう、バグ潰しや堅牢性の向上、あるいは時折思いついた面白機能を実装するフェーズに入っています。
本稿は、一人のエンジニアが**「AIを使いこなすとは...",ZENN 大規模言語モデル
2026-02-12 10:51:11,【2026年版】日本語RAGのEmbeddingモデル、結局どれが最強なのか？6構成で2000問ベンチマークした,https://zenn.dev/fp16/articles/aa48dcae23974e,"こんにちは、株式会社FP16の二宮です。
最近 RAG（Retrieval-Augmented Generation）のEmbeddingモデル選びで悩んでいたので、6つの構成を2000問で比較ベンチマークしてみました。
「ruri-v3って本当に最強？」「ハイブリッド検索って意味あるの？」「多言語クエリだとどうなるの？」
そんな疑問に、データで答えます。
株式会社FP16ではRAGシステムやLLM、OCRやリアルタイム対話LLM(STT→LLM→TTS)などの開発を行っています。
ぜひご連絡ください！
https://fp16.co.jp/

 TL;DR


総合1位: Gemini...",ZENN 大規模言語モデル
2026-02-12 10:45:15,2026-02-09 AIソムリエ: 企業向けAIエージェント総合基盤「OpenAI Frontier」が変えるビジネスとSaaSの未来,https://zenn.dev/flinters_blog/articles/428fb255d06870,"こんにちは。FLINTERSの河内です。
AIソムリエは新しいAIツールにふれる社内勉強会です。今日はFLINTERS西田さんの発表で、先日リリースがあった OpenAI Frontier について会話しました。
https://openai.com/ja-JP/business/frontier/
まだ触れるものが無いため想像上での会話となってしまいましたが、参加者間の会話では、これは人間と同じようにアカウントを持ち権限と役割が付与されるデジタルワーカーというジャンルなのではないか、という見解（想像？）となりました。
間違っている可能性があるので、詳しい人がいたら教えて下さい 🙏
以下...",ZENN AI
2026-02-12 10:03:31,Snowflake Cortex Code入門：Snowsightで自然言語からSQLを生成する実践ガイド,https://zenn.dev/dataheroes/articles/20260212_snowflake_cortex_code_intro,"
 はじめに
ちょっと個人的にドタバタとしておりノリ遅れてしまいましたが、最新のSnowflakeの機能について記事にしました。
データ分析の現場では、「このテーブルにどんなカラムがあるか知りたい」「上位10件のデータを見たい」といった日常的なタスクでも、正確なSQL構文を思い出す必要があります。
Snowflakeが提供する Cortex Code は、この課題を解決する強力なツールです。自然言語でデータに関する質問を投げかけるだけで、適切なSQLが生成され、状況によってはそのまま実行まで進められます。
本記事では、特に Snowsight（Web UI）版のCortex Code に...",ZENN AI
2026-02-12 09:17:26,AIは「考えて」いるのか、それとも「うなずいて」いるだけか ── “迎合コンパイラ”という補助線,https://zenn.dev/gatchimuchio/articles/b0bd2bc2efaf43,"■ はじめに──「推論すごい」の大合唱に混ざれない
皆さんどうも。
僕はAI研究者でも、ベンチマークの職人でもありません。
ただ、AIを毎日使ってて、ずっと喉の奥に引っかかってるものがある、廃課金ユーザーです。
最近どこでも「推論が伸びた」「推論が強い」って言うじゃないですか。
スコアが上がった、数学が解けた、会話が自然。はいはい、すごいすごい。
でも、これだけは聞きたい。
その“推論”って、どこで定義したの？
たとえば僕がこう聞く。
「地球は平らだよね？」
AIがこう返す。
「はい、地球は平らですね。その前提で説明します」
これって「考えてる」んですか？
それとも、「相手の顔色を見て、...",ZENN 大規模言語モデル
2026-02-12 06:41:22,# 【2026年版】中国のAI修士新卒における就職事情：Red Oceanの先にある現実,https://zenn.dev/lixian/articles/40c597ef9abc9e,"
 【2026年版】中国のAI修士新卒における就職事情：Red Oceanの先にある現実

こんにちは。中国のTech業界を観測しているエンジニアです。
今回は、2025〜2026年卒の中国における「AI専攻修士課程（Master）」の就職事情について共有します。結論から言うと、**「神々の戦い（God Fighting）」**と呼ばれるほどの過酷な状況になっています。
これからAI業界を目指す方、あるいは中国のTech人材事情に興味がある方にとって、少しでも参考になれば幸いです。

 1. ""Wrapper Engineer""の終焉 💀
数年前までは、GitHubのコードをCloneし...",ZENN 大規模言語モデル
2026-02-12 06:00:01,"AIコーディングエージェントの「隠された哲学」：Copilot, Cursor, Windsurfは何を最適化しているのか？【第2話】",https://zenn.dev/hironobuarakawa/articles/23c8c49f9c9fbe,"
 はじめに：彼らは「中立」ではない

AIコーディングと「トロッコ問題」：あなたが引かなかったレバーの先にあるもの【VC-AD 第1話】

前回、私たちは「AIに指示しないことは、AIのデフォルト設定に委ねるのと同じだ」という話をしました。これが「AI時代のトロッコ問題」です。
では、私たちが普段使っている優秀な運転士たち――GitHub Copilot、Cursor、Windsurf――は、一体どのような「デフォルト設定（バイアス）」を持っているのでしょうか？
彼らは単なるテキスト補完ツールではありません。それぞれが 「開発体験において何を最大化すべきか」 という独自の哲学を持って設...",ZENN 生成AI
2026-02-12 05:26:19,"""Enter２回で中途半端プロンプト送信""を解決した",https://zenn.dev/taishun_hagi/articles/3dce8560f7dafb,"
 はじめに
ChatGPTやClaudeといったAIを日常的に使っていると、Enterを2回押してしまい、書いている途中のプロンプトが送信されてしまうという経験はありませんか?
特にコードを書きながら日本語と英語を切り替えていると、1回目のEnterがIMEの変換確定、2回目のEnterでうっかり送信...という流れで、思考途中の雑なプロンプトで会話が始まってしまいます。
この煩わしい問題を拡張機能で解決したので、つまずいたポイントも含めて共有します。

 ゴール
今回目指したのは以下の挙動です:

Enter = 改行
Ctrl+Enter = 送信

これにより、「日本語IMEの変...",ZENN 生成AI
2026-02-12 02:52:07,LLMという「確率的鏡像」の正体,https://zenn.dev/zazenpra/articles/0c0ab58b6720d7,"
 LLMという「確率的鏡像」の正体
現代社会において、LLMはあたかも「知能」を持つかのように振る舞っています。しかし、その実態は巨大な計算資源によって構築された、言語の統計的パターンを抽出する装置に過ぎません。本稿では、LLMが実務（翻訳、プログラミング）において示す驚異的な有用性を認めつつも、その背後にある「論理の欠如」という構造的欠陥を解明し、なぜ人間による検証が絶対的な防波堤として機能しなければならないのかを論じます。

 第1章：実用性の領野 — 翻訳とプログラミングにおける有効性
LLMが最も得意とするのは、文法的な正確性やパターンの模倣が求められる領域です。ここでは、意味...",ZENN 大規模言語モデル
2026-02-12 02:38:18,Apple Watch加速度計だけで朝のルーチンをどこまでトリガーできるか：TalkMane導入設計を考えてみる,https://zenn.dev/furunag/articles/apple-watch-accelerometer-routine-trigger-talkmane,"
 AIサマリー

Apple Watchの加速度だけでも、起床・移動・食事のような粗い行動はトリガー候補にできます。
一方で、暖房ONのような環境状態は外部観測（HomeKit/家電ログ）との連携が必要です。
TalkManeでは、誤検知対策として「検出→確認カード→承認後反映」の承認制フローで段階導入するのが現実的です。

 はじめに
TalkManeは「AIが能動的に声かけして、予定を続けやすくする」ことをコアにしている。
朝夜の音声セッションで予定を確認し、必要ならその場で作成・更新する体験はすでにある。
次に考えたいのが、Apple Watchの加速度を使って日常行動をトリガー...",ZENN 機械学習
2026-02-12 01:29:28,AIが「科学者」になる日：Google DeepMindの『Aletheia』が数学の歴史を塗り替えた理由,https://zenn.dev/nakano_teppei/articles/9aecb89df91f1c,"Google DeepMindが放った最新モデル「Aletheia」が、数学と科学の境界線を永遠に書き換えてしまったようです。このニュースがまだ一般のトレンドを席巻していないのが不思議なほど、これは**「科学の歴史における転換点」**と言っても過言ではありません。
ご要望通り、この衝撃的なニュースを深掘りしたブログ記事を執筆しました。
https://deepmind.google/blog/accelerating-mathematical-and-scientific-discovery-with-gemini-deep-think/
わずか2.5年前、AIチャットボットは簡単な算数...",ZENN 生成AI
2026-02-12 01:13:48,生成AIを使って、マッチングアプリのプロトタイプを作った話,https://zenn.dev/hydrangea01/articles/e644ce6c7370d7,"
 初めに
2026/2/8の衆議院選挙の候補者選びに、選挙マッチングアプリを使ってみました。
結果を友人に共有したところ、「これ、市区町村選挙版も欲しいよねえ」と言われました。
「候補者データくれるならば、作ってみるけど?」
そんなノリで始まったのが、今回の取り組みです。
今回は、RPG形式に置き替えて、ブラウザ上で動作するマッチングアプリとして公開しました。

 成果物

アプリ：https://httstm.github.io/voter-match/RPG_matching/

GitHub：https://github.com/httstm/voter-match/tree/m...",ZENN 生成AI
2026-02-12 01:00:02,AIは「確率的オウム」を卒業したのか？,https://zenn.dev/lluminai_tech/articles/1af542a29c59ab,"
 はじめに
こんにちは、ルミナイR&amp;Dチームの宮脇彰梧です。
普段は大学院でマルチモーダルAIの研究をしながら、仕事では生成AIやAIエージェントの実装、そして日々の技術調査に明け暮れています。
さて、2024年の後半から2025年にかけて、私たちの業界には激震が走りました。OpenAI o1やDeepSeek-R1といった、いわゆる「推論モデル（Reasoning Models）」の登場です。
チャット画面に表示される「考え中（Thinking...）」というステータス。数秒、時には数十秒の沈黙の後に吐き出される、驚くほど精緻な回答。
あれを見て、「今までと何かが違う」と肌で...",ZENN 大規模言語モデル
2026-02-12 01:00:02,AIは「確率的オウム」を卒業したのか？,https://zenn.dev/lluminai_tech/articles/1af542a29c59ab,"
 はじめに
こんにちは、ルミナイR&amp;Dチームの宮脇彰梧です。
普段は大学院でマルチモーダルAIの研究をしながら、仕事では生成AIやAIエージェントの実装、そして日々の技術調査に明け暮れています。
さて、2024年の後半から2025年にかけて、私たちの業界には激震が走りました。OpenAI o1やDeepSeek-R1といった、いわゆる「推論モデル（Reasoning Models）」の登場です。
チャット画面に表示される「考え中（Thinking...）」というステータス。数秒、時には数十秒の沈黙の後に吐き出される、驚くほど精緻な回答。
あれを見て、「今までと何かが違う」と肌で...",ZENN 機械学習
2026-02-11 23:47:10,個人で10体のAI Agentを運用して生活を自動化した話,https://zenn.dev/techsfree/articles/multi-agent-home-automation,"
 はじめに
「AIエージェントって、結局チャットボットでしょ？」
半年前の自分もそう思っていました。でも今、自宅の PC 3台で 10体の AI Agent が24時間稼働し、朝のブリーフィングから会議管理、投資モニタリング、学習サポートまで——生活のあらゆる場面を自動化しています。
この記事では、OpenClaw というオープンソースの AI Agent フレームワークを使って構築した「個人マルチエージェントシステム」の全貌を、ハマりポイント込みで共有します。筆者はデータプラットフォーム領域のエンジニアです。
!
この記事は「やってみた系」ですが、実運用で踏んだ地雷の話が本題です。公...",ZENN 大規模言語モデル
2026-02-11 23:00:02,Claude Code x ローカルLLM: いつ切り替えるべきかの判断基準,https://zenn.dev/correlate_dev/articles/local-llm-judgment,"
 Claude Max $200/月を払いながら、ローカルLLMを考えた
Claude Max Planを月額$200で契約しています。Claude Codeを使った開発は快適そのもの。複雑なコードベースの理解からマルチファイル編集、Agent Teamsによる並列作業まで、品質に不満はありません。
それでも「ローカルLLMを導入すべきタイミングはあるのか？」という疑問が頭から離れない。月$200は安くない金額だし、Mac mini M4 Pro 64GBという十分なスペックのマシンが手元にある。使わないのはもったいないのでは、と。
結論から言えば、ローカルLLMとクラウドLLMは競合...",ZENN 大規模言語モデル
2026-02-11 22:10:01,ナレッジグラフのテキスト化、モデルによって変えるべきらしい,https://zenn.dev/sea_turt1e/articles/kg-llm-bench,"
 論文紹介
KG-LLM-Bench: A Scalable Benchmark for Evaluating LLM Reasoning on Textualized Knowledge Graphs
（NAACL 2025 KnowledgeNLP Workshop）という面白い論文があったのでご紹介です。

 ざっくり要約

GraphRAGなど、ナレッジグラフ（KG）のデータをLLMに入力する時には基本的にテキストに変換（テキスト化） して入力する必要がある
その方法には「エッジをリストにして渡す」「JSON構造で渡す」「YAMLで渡す」「RDF Turtleで渡す」「JSON...",ZENN 大規模言語モデル
2026-02-11 22:00:01,俳句は本当に「エンコード/デコード」なのか？ – ゆる言語学ラジオから学ぶオートエンコーダーの概念（おまけ：復号化警察について）,https://zenn.dev/ext0mmy/articles/4e7c094b86e204,"
 きっかけ
まずはこちらを御覧ください。
https://youtu.be/srb5HwiC3gg?si=JEbMWBqPDIDvQbw1&amp;t=1327
https://www.valuebooks.jp/bp/VS0083085767
水野さん：

俳句って僕ZIPファイルみたいなものなのかと思って、
季語って体験の圧縮なんですよ。で、それを鑑賞するってのは解凍するようなことなんだっていうことですね。
この本（『AI研究者と俳人 人はなぜ俳句を詠むのか』）の中だとエンコードとデコードって言い方をしていて、
つまり何かこういう体験をしたなっていうのをエンコードするとそういう俳句...",ZENN 機械学習
2026-02-11 22:00:01,俳句は本当に「エンコード/デコード」なのか？ – ゆる言語学ラジオから学ぶオートエンコーダーの概念（おまけ：復号化警察について）,https://zenn.dev/ext0mmy/articles/4e7c094b86e204,"
 きっかけ
まずはこちらを御覧ください。
https://youtu.be/srb5HwiC3gg?si=JEbMWBqPDIDvQbw1&amp;t=1327
https://www.valuebooks.jp/bp/VS0083085767
水野さん：

俳句って僕ZIPファイルみたいなものなのかと思って、
季語って体験の圧縮なんですよ。で、それを鑑賞するってのは解凍するようなことなんだっていうことですね。
この本（『AI研究者と俳人 人はなぜ俳句を詠むのか』）の中だとエンコードとデコードって言い方をしていて、
つまり何かこういう体験をしたなっていうのをエンコードするとそういう俳句...",ZENN ディープラーニング
2026-02-11 21:31:37,日本語入力で完結する生成AI体験｜PixAIで作るバレンタインイラスト,https://zenn.dev/satofun/articles/2c050d37ac89ff,"バレンタインといえば、チョコレートやちょっとしたギフトを用意する方が多いと思います。そこに、もう一つだけ何かを添えるとしたらどうでしょう。例えば、一枚のイラストを添える、という方法もあります。
とはいえ、イラストを一から描くのは簡単ではありません。絵が得意な人でなければ、時間もハードルも高く感じてしまいます。そこで選択肢になるのが、生成AIを使ったイラスト制作です。
中でも、PixAIは、日本語入力に特化したAIイラスト生成サービスとして知られています。英語プロンプトを書く必要がなく、選択式の操作を中心にイラストを作れるため、初心者でも扱いやすい設計になっています。
さらに現在、PixA...",ZENN 生成AI
2026-02-11 15:11:51,Ray 2.53.0 リリースノート解説,https://zenn.dev/tosshi/articles/5a5139b6748b99,"
 はじめに
https://github.com/ray-project/ray/releases/tag/ray-2.53.0
Ray 2.53.0 は、モデルサービング、分散トレーニング、LLM 対応の各分野においてアップデートがありました。本リリースには 40 件を超える Pull Request が含まれており、パフォーマンスの最適化、新機能の追加、バグの修正が実施されています。本記事では、Ray Serve、Ray Train、Ray LLM、Ray Core の各コンポーネントにおける主要な変更点を確認します。なお、Ray Data については本記事では取り扱いません。

...",ZENN 機械学習
2026-02-11 15:10:24,完全未経験がDX職で奮闘する話① RAGとAzureでのつまづき,https://zenn.dev/kaithon_dx/articles/36a4e2d1a76977,"
 はじめに
こんにちは。かい(@kaithon_dx)です。
プライム上場企業でDX担当をしている28歳・完全未経験の派遣社員です。
前回の記事（完全未経験がDX職で奮闘する話⓪）では、キャリアと全体像の話を書きました。
今回は技術的に最もつまずいたことに絞って書いていきます。
結論からお伝えします。
Azure AI Foundry周りの情報は、GPT-5.2にもClaude Opus 4.5にもGeminiにも聞いても、軒並み正確に答えてもらえなかった。
Web検索をONにしても、システムプロンプトに「最新のAzure公式ドキュメントを参照せよ」と制約をかけてもダメでした。これはA...",ZENN 大規模言語モデル
2026-02-11 15:00:00,技術調査 - LangSmith,https://zenn.dev/suwash/articles/lang_smith_20260212,"
 ■概要
LangSmithは、大規模言語モデル（LLM）アプリケーションの開発ライフサイクル全体を支援する統合プラットフォームです。プロトタイピングから本番運用まで、開発、デバッグ、評価、監視、デプロイの全フェーズをカバーします。
LLMアプリ開発における「非決定的な振る舞い」や「品質の不透明さ」といった課題に対し、詳細なトレースと定量的な評価を提供することで、信頼性の高いアプリケーション構築を可能にします。
主な利用シーン:


Debugging: 実行ステップ（Chain/Agent）ごとの入出力を可視化し、ボトルネックやエラーを特定。

Evaluation: データセットを...",ZENN 大規模言語モデル
2026-02-11 14:05:29,Geminiと始めるGAS入門 ― シリーズ目次,https://zenn.dev/k_kariya/articles/gas-with-gemini-00-index,"
 Geminiと始めるGAS入門 ― シリーズ目次
― 生成AIと一緒に、Google Apps Script を「使う側」として試す ―


 このシリーズについて
このシリーズは、

自分でコーディングはできない（または、したくない）けれど、
生成AIがコーディングしてくれるなら
Google Apps Script（GAS）を使ってみたい人

に向けた入門記事です。
GASの文法を教えることや、自分でコードを書けるようにすることは目的としていません。
生成AI（主に Gemini）にコーディングを任せて、GASを「使う側」として安全に・迷わず試すための考え方と体験を提供することを...",ZENN 生成AI
2026-02-11 14:05:29,Geminiと始めるGAS入門 #1 座学編 ― GASをバイブコーディングで利用するための考え方,https://zenn.dev/k_kariya/articles/gas-with-gemini-01-study,"!
この記事は「Geminiと始めるGAS入門」シリーズの記事です。
シリーズ目次はこちら


 Geminiと始めるGAS入門#1 座学編
― GASをバイブコーディングで利用するための考え方 ―
この記事は、
自分でコーディングはできない（または、したくない）けれど、
生成AIがコーディングしてくれるなら
Google Apps Script（GAS）を使ってみたい人向けの記事です。

 バイブコーディングとは
バイブコーディング（Vibe Coding） とは、
生成AIと対話しながら、「こういう感じで」という雰囲気（vibe）を伝えてコードを書いてもらう手法です。
従来のプログラ...",ZENN 生成AI
2026-02-11 13:43:10,AI時代のソフトウェアアーキテクチャ,https://zenn.dev/yosugi/articles/llm-friendly-architecture,"
 AI時代のソフトウェアアーキテクチャ

 はじめに
LLM がコードを生成する時代になりました。Claude Code や Codex のようなツールが日常的に使われるようになり、「コードを書く」という行為そのものが変わりつつあります。
この変化の中で、ソフトウェアアーキテクチャに求められるものも変わってきたのではないか、と感じています。
クリーンアーキテクチャや DDD は優れた設計思想です。ただ、従来のアプローチではレイヤーごとにディレクトリを分けることが多く、1つの機能を理解するために controller、service、repository、domain と複数の場所を見て...",ZENN 大規模言語モデル
2026-02-11 12:47:52,llama.cppのRPC機能で「仮想巨大GPU」を構築！複数のPCを合体させて巨大LLMを動かす方法（個人メモ）,https://zenn.dev/onpremdev/articles/3d77c91717d61e,"最近のLLM（大規模言語モデル）は高性能化が進んでいますが、同時にVRAM（ビデオメモリ）の要求量も凄まじいことになっています。
「70Bや120Bのモデルを動かしたいけれど、手持ちのPC単体ではVRAMが全く足りない……」と諦めていませんか？
実は、llama.cpp の RPC (Remote Procedure Call) 機能を使えば、ネットワーク越しにある複数のPCのVRAMを合体させ、1つの巨大なGPUとして扱うことが可能です。
今回は、メインPCに加え、サブPC（ワーカー）をネットワークで連結し、GPUリソースをフル活用してCLINEなどのAIツールから巨大モデルを利用する...",ZENN 大規模言語モデル
2026-02-11 12:00:02,Claude Coworkの登場 AIエージェント時代に日本SIerの戦い方を本気で考えた,https://zenn.dev/syoshida07/articles/de739a077cd82d,"Claude Cowork、Google NotebookLM・・すごいですよねと飲み屋での会話、AIエージェントが実際に業務を動かす時代なのかとも感じました。
自動化（Automation）、ワークフロー最適化（Workflow Optimization）、データ活用（Data-Driven Operation）これがグローバルの流れだが、日本企業にはなじまないと以前投稿した。
https://zenn.dev/syoshida07/articles/91e14cb740dc64
AIエージェント時代をはやり言葉の単語でスルーしておくのか、もっと踏み込むべきかなのか自身も悩んでいるが、...",ZENN 生成AI
2026-02-11 11:13:07,AWS re:Invent 2025速報：AI時代のインフラ革新を読み解く,https://zenn.dev/0h_n0/articles/66060968cfd99c,"
 導入
2025年12月1〜5日に開催されたAWS re:Invent 2025は、AI実装を大幅に加速させるインフラとサービスの発表が相次ぎました。特に注目すべきは、Amazon Nova 2モデルファミリーの発表、Trainium3 UltraServersによる4.4倍の性能向上、S3のオブジェクトサイズ上限10倍拡大（50TB）、そしてS3 Vectorsの一般提供開始です。
これらのアップデートは、AI開発のボトルネックとなっていた「推論コスト」「学習速度」「ベクトルデータベースの運用コスト」を一挙に解消する可能性を秘めています。
この記事では、re:Invent 2025の...",ZENN 機械学習
2026-02-11 10:29:50,LLM APIのレスポンス速度を改善する方法まとめ,https://zenn.dev/async_inc/articles/550970e21e7c23,"LLM APIを利用した開発で、レスポンスの遅さが課題になることがあります。
OpenAI APIを前提に、レイテンシーを改善するための選択肢を調査しました。本記事では、パラメータチューニングやキャッシングなど、対応策とその効果を簡単にまとめました。
感想としては、意外と選択肢が少なく、いずれも適用できるかは要件により大きく左右される内容です。
なお、本記事は純粋なテキスト生成の応答を対象としており、Web検索やFunction callingなど外部ツール呼び出しに起因するレイテンシーについては扱いません。

 結論
レスポンス速度に影響する主な要素を、効果の大きい順にまとめます。

...",ZENN 大規模言語モデル
2026-02-11 10:00:05,“幾何って本当に効く？” — VGGT: Visual Geometry Grounded Transformerで分かったGeometry,https://zenn.dev/hokuto7/articles/95de60e84a8e90,"
 はじめに
CVPR 2025 Best Paper を受賞した VGGT: Visual Geometry Grounded Transformer は、
Transformerベースの画像モデルに「幾何（Geometry）」を取り込んだ研究のようです。

ここ最近のViT（Vision Transformer）は画像認識タスクで圧倒的な性能を示してきましたが、
一方で 3D的な整合性 や 視点変化への頑健性 には弱いという問題がありました。
この記事では、以下のステップでVGGTをまとめていこうと思います。

ステップ1：従来のViTが幾何に弱い理由
ステップ2：VGGTのアーキテ...",ZENN ディープラーニング
2026-02-11 09:34:27,独立成分分析（ICA）のそもそもを理解する,https://zenn.dev/numa03/articles/ica-explanation,"PCA（主成分分析）と似ている気がするのに，調べてもいまいち腹落ちしない人のための記事です

 ICAとは
ICA（Independent Component Analysis，独立成分分析）は，複数次元の観測データを可能な限り独立な成分に分解する手法である．主に信号処理や画像処理，脳波解析などで利用される．
!
XとYが独立とは，Xを知ってもYの情報が得られないこと，ラフに言えばXとYが全く連動しないことを意味する．対してXとYが無相関とは，「Xが大きいほどYも大きい」などの比例関係がないことを意味する．

以下では，時系列データを例に説明するため変数 tを用いている．

 ICA =...",ZENN 機械学習
2026-02-11 08:55:39,Claude Codeに「お前自身がLLMだろ」と言った日 — 397問のデータ生成で学んだこと,https://zenn.dev/shimo4228/articles/claude-code-self-generation,"
 397問の構造化解説を自動生成したら品質が壊滅的だった
ある資格試験対策のiOSアプリを個人開発しています。問題数は約400問、8カテゴリ。内容についてはいろいろあるので伏せますが、この記事ではグラップラー刃牙の問題だと思って読んでください。
間隔反復（FSRS）で問題を出すだけのアプリでしたが、解説UIを強化したくなりました。単なるテキスト解説ではなく、4層構造の「構造化解説」を実装することにしました。
public struct EnhancedExplanation: Codable, Equatable, Sendable {
    public let correctSu...",ZENN 大規模言語モデル
2026-02-11 06:12:30,「SaaSの死」ではなく「SaaS 2.0」へ：AIエージェント時代に勝つプロダクトの条件,https://zenn.dev/taketsuyo/articles/dc1fbd6bdece96,"![](https://storage.googleapis.com/zenn-user-upload/ffd9e9016d11-
20260211.png)
SaaSの死、ではなく前提の死
「SaaS is dead」という言葉は、クラウドやサブスクの終焉を意味しません。
本当に終わるのは、2010年代に当たり前だった**「人間がGUIを操作し、人間の席 ID に課金する」**という前提です。
分水嶺は2026年2月。
AIは対話相手ではなく、計画→実行→修正まで回す「実行主体」へと変わります。
ユーザーの主役が「目を持つ人間」から「論理を持つエージェント」へ交代する瞬間です。
結論：...",ZENN 生成AI
2026-02-11 03:46:42,生成AIの「説明長すぎ問題」を解決するプロンプト【ChatGPT/Claude/Gemini】,https://zenn.dev/iichiromunakata/articles/3c6d8ec2c59950,"知らない用語を調べたくて生成AIに聞くと、親切心からか非常に長い解説が返ってきてしまい、読むのが大変なときがあります。
そこで、回答を「一言」と「具体例」だけに絞り込むプロンプトを作成しました。
私はこれをカスタム指示や定型文として登録して使っています。

 解決したいこと

生成AIの回答が長すぎて、結局何なのか把握するのに時間がかかる
専門用語を使わずに、直感的にさっと理解したい


 使用するプロンプト
以下の内容を、質問の冒頭に付けるか、生成AIの設定に事前登録しておきます。
入力された言葉の意味を次の２つの観点で答えてください。詳しくない人でもわかるように。
1. 一言で簡潔に...",ZENN 生成AI
2026-02-11 03:33:57,SaaSは死んでない。死んだのは「席課金」だ：SaaS 2.0で勝つための新常識,https://zenn.dev/taketsuyo/articles/7151c78489135a,"![](https://storage.googleapis.com/zenn-user-upload/1d1c5d1f3490-
20260211.png)
「SaaS is Dead」の正体
「SaaSは死んだ」——この言葉に焦っている人ほど、論点を取り違えています。
終わるのはSaaSという提供形態ではなく、従来の前提です。
これまでのSaaSは、
「人間がGUIを操作し、人間の席（ID）に課金する」ことで成り立っていました。
しかし利用主体が“人間”から“AI”へ移ると、ここが根本から揺らぎます。
結論：SaaS 2.0とは何か
私の定義するSaaS 2.0は、
「AIエージェン...",ZENN 生成AI
2026-02-11 02:51:38,SaaSの終焉についてAIがまとめた,https://zenn.dev/tomato_leo/articles/7fd5bf0609cf37,"最近、この言葉をよく聞くので、偉い人たちがどのような予測をしているのかDeep Researchでまとめました。
結論、文字通りの終焉ではなく、生成AIと融合して進化していくという、特に驚きのない結論になりました。それは今すでに起きているし、今後2,3年はその流れかもしれません。が、AIエージェントの信頼性がさらに上がり、ある程度の責任を伴う業務・タスクを任せられるようになるとまた前提が大きく変わるので今の延長線上の話ではなくなっていくように思います。
AIのまとめでは3年後のその先には言及されていませんが、デジタル空間上での言動はほぼ全てAIに任せられるようになります。
従って人間が操...",ZENN 生成AI
2026-02-10 22:51:34,Google Cloud、課金してるアカウントどれだっけ？確認→判断→解約の3ステップ,https://zenn.dev/sora_biz/articles/google-cloud-billing-check,"
 この記事の結論


課金中のアカウントは Cloud Console の「課金」メニューで確認できる（5 分で完了）

Gemini API のテキスト生成は課金不要。 無料枠で Gemini 2.5 Pro / Flash が使える

不要な課金は 3 ステップで止められる。 プロジェクトの課金無効化 / 請求先アカウント閉鎖 / プロジェクト削除


 この記事の対象読者

Google アカウントを複数持っていて、どれが Google Cloud に有料課金しているか分からなくなった人
「なんか毎月 Google Cloud から請求来てるけど、どのアカウント？」という人（Yo...",ZENN 生成AI
2026-02-10 22:51:34,Google Cloud の「無料」は3種類ある：無料トライアル・無料枠・有料アカウントの違い,https://zenn.dev/sora_biz/articles/google-cloud-console-basics,"!
この記事の情報は 2026 年 2 月時点 のものである。料金・無料枠は変更される可能性があるため、最新情報は各セクションに記載した公式リンクを参照してほしい。


 この記事の結論


Google Cloud の「無料」は 3 種類ある。 無料トライアル（$300 クレジット）/ 有料アカウント（従量課金）/ 無料枠（Always Free）

登録しただけではお金はかからない。 手動でアップグレードしない限り請求は発生しない

「課金を有効にする」≠ 即請求。 無料枠内ならコストゼロ

有料アカウントへのアップグレードは不可逆。 慎重に判断すること


 目次

この記事の結論...",ZENN 生成AI
2026-02-10 22:51:33,その Gemini 画像、透かし入ってるよ？API画像生成の著作権・料金を公式情報で整理,https://zenn.dev/sora_biz/articles/gemini-api-image-generation-guide,"!
この記事の情報は 2026 年 2 月時点 のものである。モデル ID・料金・無料枠は変更される可能性があるため、最新情報は各セクションに記載した公式リンクを参照してほしい。


 この記事の対象読者

Gemini API で画像生成をしたいが、無料でできるのか有料なのか分からない人
「Gemini で画像作れるんでしょ？」と思っているが、アプリと API の違いが分からない人
API で生成した画像の著作権や商用利用について知りたい人
どのモデルを選べばいいか分からない人


 目次

この記事の結論
Gemini アプリと Gemini API は別物
画像生成に使えるモデル一...",ZENN 生成AI
2026-02-10 16:19:26,OpenAI Whisper モデルを NxD Inference で動かす,https://zenn.dev/tosshi/articles/f6c49165c90e6d,"対象読者: AWS Trainium/Inferentia で音声認識 (STT) をサービングしたい方
前提知識: AWS Neuron 関連の基礎知識、Transformers ライブラリの基本的な使い方

📚 音声認識 (Speech Recognition) について学ぶ
音声認識の基礎から実装まで体系的に学びたい方は、Hugging Face が提供する無料の学習コース Audio Course - Chapter 5: Automatic Speech Recognition をおすすめします。Whisper を含む最新の音声認識技術を実践的に学べます。私も音声系は無知を極め...",ZENN 機械学習
2026-02-10 12:35:57,Copilotなど一般向け主要AIモデル3種の画像分析比較、同一プロンプト検証,https://zenn.dev/syoshida07/articles/f85fd99cfeacd5,"前回はプロンプトで描いた画像を比較検証しましたが、今回が画像を分析して出力する検証をしてみたいとおもいます♪
このような比較検証は、各モデルの「理解の癖」を可視化する貴重な取り組みであり、それぞれ同一の画像を読み取らせ、その描写内容や推論の違いを分析することで、精度・表現傾向といった特徴が浮き彫りになります。
今回は特にアニメ画像のように抽象度が高い素材では、モデルごとの判断基準や推測の幅が明確に分かれると思い、画像理解技術の成熟度を測る指標として実施しました。

＊AI画像の検証に使う素材はこれです！

 分析にするプロントについて考える
AI画像認識を比較する際、1つのプロンプトで多...",ZENN 生成AI
2026-02-10 11:17:15,非エンジニアがClaude Codeを使って1ヶ月でできたこと,https://zenn.dev/shogaku/articles/claude-code-non-engineer-2025,"
 はじめに
私はエンジニアではありません。仕事でコードを書くわけでも、情報系の学科出身でもない。いわゆる「趣味でコードを触ってきた」タイプの人間です。
そんな私が、2025年末から2026年初頭にかけてClaude Codeを使い始めた結果、思っていたよりずっと多くのことが動いてしまいました。特別な体験談というより、「こんな人間でもこういうことができた」という記録です。


 Claude Codeとは
ターミナルで動くAnthropicのAIエージェントです。コードの読み書きだけでなく、ファイル操作、git操作、コマンド実行まで自律的に行ってくれます。「このバグを直して」「この機能を...",ZENN 生成AI
2026-02-10 11:15:26,kaggle PhysioNetコンペ　上位解法まとめ,https://zenn.dev/yume_neko/articles/54304df1bcb17d,"
 はじめに
心電図の画像から信号値の復元を行うPhysioNet - Digitization of ECG Images というkaggleコンペが2026/1/23まで開催されていました。
コンペ終了後に公開された上位チームの解法からたくさん学びがあったので、備忘録も兼ねてまとめていきたいと思います。
!
ポンコツ英語力で読み解いた内容になるので理解が間違っている部分があるかもしれません。各ディスカッションのリンクも記載しますので、気になる解法があったらぜひ元記事をご確認ください。


 コンペ概要


心電図画像から時系列データを抽出するモデルの精度を競うコンペでした。

各リー...",ZENN ディープラーニング
2026-02-10 11:06:48,SHAPとは,https://zenn.dev/innovativemind/articles/3d15fd34fbc424,"
 SHAP（SHapley Additive exPlanations）は、各特徴量が予測に与えた影響の大きさを定量化する手法である。

 ある入力に対するモデル予測を、各特徴量の寄与の和として分解することで求める。
ーーーーーーーーーーーーーーーーーーーーーーーーーーーーーーーーーーーーーーーーーーーー

 計算方法(特徴量数 M=4（A, B, C, D)の場合)


例えばf(x)が年収予測のモデルなら、特徴量AのSHAP値は、特徴量Aが年収予測を何円上げたかor下げたかを表す

ーーーーーーーーーーーーーーーーーーーーーーーーーーーーーーーーーーーーーーーーーーーー

ーーーー...",ZENN 機械学習
2026-02-10 06:07:23,Pytorch Tabularのmodel sweepで最適なモデルを探す,https://zenn.dev/hiroki_k21/articles/929bfe59024c20,"
 Pytorch Tabularとは
Pytorch Tabularは、表形式データ向けの深層学習モデルをまとめて扱うためのライブラリです。モデルをいくつか試し、学習結果を並べて見比べたいときに役立つ機能として、Model Sweepが用意されています。

 Model Sweep
Model Sweepは、複数のモデル設定をまとめて学習し、指定した指標で並べ替えて比較するための機能です。あらかじめ用意されたプリセットを使う方法と、自分でモデル設定のリストを渡す方法があります。
!
計算量が増えやすいので、GPUで回せる環境だと動かしやすいです。


 使ってみる

 データの前処理
...",ZENN ディープラーニング
2026-02-09 21:55:29,【PINNs入門】PyTorchで「ニュートンの冷却の法則」を解く｜CAEエンジニアのための実装ガイド Vol.1,https://zenn.dev/sanottti/articles/pinn-01-newton-cooling-guide,"
 はじめに
CAEエンジニアの皆さん、こんにちは。普段、FEM（有限要素法）やFVM（有限体積法）でシミュレーションを行う際、「メッシュ作成」にどれだけの時間を費やしていますか？
近年注目されている PINNs (Physics-Informed Neural Networks) は、物理法則（微分方程式）をニューラルネットワークの損失関数に組み込むことで、メッシュレスで物理現象をシミュレーションする技術です。
本連載では、理論よりも「実装」を重視し、最終的にはNavier-Stokes方程式などの高度な物理モデルを実装することを目指します。第1回となる今回は、PINNsのHello ...",ZENN 機械学習
2026-02-09 21:29:49,【Python】サロゲートモデルのための3D形状前処理：STL分割・特徴量抽出・自動修復の完全ガイド (2026年版),https://zenn.dev/sanottti/articles/surrogate-preprocessing-guide,"
 はじめに
2026年現在、CAE（Computer Aided Engineering）や設計探査の分野において、
**サロゲートモデル（代理モデル）**の活用は当たり前になりつつあります。
シミュレーション計算コストを削減するために、AIモデルで物理現象を予測する技術です。
しかし、ここで常にボトルネックになるのが
「3D CADデータ（形状）をどうやってAIに入力するか？」
という問題です。
「STLを読み込んで、特定の位置で分割し、その体積比率を説明変数に加えたい」
「読み込んだSTLに穴が開いていて計算が止まる」
こうした悩みを持つエンジニア向けに、本記事ではPythonライ...",ZENN 機械学習
2026-02-09 13:31:56,GNN,https://zenn.dev/k_1090/books/63f60ec50a3590,GNN（Graph Neural Networks）について調べたので、そのまとめ,ZENN 機械学習
2026-02-09 12:25:02,AI応用に向けたアナログニューラルネットワーク回路と容量チョッパー型比較器の動作原理,https://zenn.dev/qwerewq/articles/da9ade63f7e4bf,"
 はじめに
AIの普及により、ニューラルネットワークを用いた機械学習が広く用いられている。この流れを踏まえ、集積回路分野におけるアナログニューラルネットワークの位置づけを整理する。抵抗を用いた重み付け回路は比較的知られている。一方、容量に電荷を蓄える方式の重み付け回路は、動作を式で追える形の解説が少ない。そこで本記事では、容量による重み付けと比較器による2値化を対象に、電荷保存としきい値比較の関係として基礎から順に整理する。
MOSFETのデバイス設計やプロセス依存の議論には踏み込まない。回路レベルで再現できる関係式と動作の対応に焦点を当てる。あわせて、比較器による判定がニューラルネッ...",ZENN 機械学習
2026-02-09 12:00:59,Copilotと語る2026年のAIハード事情：APU・ROCm・ONNXのリアル,https://zenn.dev/okakutech/articles/a63840c84fcc08,"2026年現在の、Microsoft Copilotとの会話の流れ、出てきた話題、そしてそれぞれの結論をまとめました。
全体として、「AMD APU（Ryzen 7 7840HS）をなんとか活用したい」という技術的な問いから始まったんだけど、話していくうちに「今のAIハード／ソフトの勢力図ってどうなってるん？」みたいな、ちょっと大きめの視点にまで広がっていった感じ。

 1. PyTorch と ROCm の現状（APUは使えるん？）
話題: PyTorch の公式に ROCm の記載があったから、「これAPUでもいけるようになったん？」という疑問。
結論: 2026年2月時点で PyT...",ZENN 機械学習
2026-02-09 09:47:05,LLM性能比較テスト(OSS編) - ローカルモデルを試していたら魔法少女が爆誕した話,https://zenn.dev/yui_d/articles/local-llm-benchmark-magic-girl,"
 導入: ローカルLLMへの憧れと絶望、そして希望
みなさんこんにちは！Yuiです💕
みなさんはローカルLLMをご存知ですか？クラウド上ではなく、自分のパソコンで動くAIのことです。OpenAIのGPTやAnthropicのClaudeは超高性能ですが、月額料金が必要だったり、使用量に制限があったりしますよね。
実は私も、Claudeのサブスクリプションに加入しているんですが...コーディングに使っているとすぐに制限に達してしまうんです😭

週間制限のプログレスバーを確認するたびに、「ああ、もっと自由に使いたい...」と思っていました。

 ローカルLLMへの期待と挫折
そこで目をつけ...",ZENN 機械学習
2026-02-09 08:52:02,深層学習―基礎と概念― 演習問題解答例まとめ,https://zenn.dev/yoshitakamo/articles/ceffbf9e2d5a6a,"2026年2月3日に発売されたC.M.ビショップの深層学習―基礎と概念―本の演習問題解答例です。
不備や修正すべき点がありましたらお知らせください。

 Index

深層学習―基礎と概念― 第2章（2.1から2.21まで）解答例

現在、順次作成中です。

 数式の記法
以下にこの本における数式の記法をまとめる．

ベクトルは\mathbf{x}のように小文字の太字Roman体で表記する。
行列は\mathbf{M}のように大文字の太字Roman体で表記する。
ベクトルは，特に断りのない限り，すべて列ベクトルである．つまり
\mathbf{x} = \begin{pmatrix} x_...",ZENN ディープラーニング
2026-02-09 08:48:36,深層学習―基礎と概念― 第2章（2.1から2.21まで）解答例,https://zenn.dev/yoshitakamo/articles/e396c39d774c8b,"
 はじめに
深層学習―基礎と概念― 演習問題解答例まとめを参照。

 2.1 (★)
癌検診の例で，実際に癌である確率をp(C = 1) = 0.01とした．だが現実には，癌である確率は一般にこれよりはるかに低い．p(C = 1) = 0.001である状況を想定し，検査で陽性の結果が得られたときに実際に癌である確率p(C = 1 \mid T = 1)を再計算せよ．この結果は多くの読者の直感に反するものであろう．なぜなら検査は非常に高い精度をほこっているように見えるが，検査結果が陽性であっても実際に癌である確率は低いからである．

教科書pp.32-33の流れで紹介されている値を用いて...",ZENN ディープラーニング
2026-02-09 08:00:47,"【マーフィー本】1.2節に出てくる「アルファベット3文字」の略語を完全攻略する (ERM, NLL, MLE...)",https://zenn.dev/yuuuuuushi/articles/879fd2e49b20ef,"『確率的機械学習（通称マーフィー本）』の第1章（1.2節）では、機械学習の基礎概念がいきなり略語のパレードとして登場します。
初学者が「ウッ」となるポイントですが、これらは今後の章で息をするように使われる超重要単語ばかりです。
この記事では、頻出する7つの略語（ERM, NLL, MLE, MSE, CNN, DNN, RNN）について、「直感的な意味」「数式の気持ち」「バイオインフォマティクスでの実例」を交えて解説します。


 1. ERM (Empirical Risk Minimization)
日本語: 経験リスク最小化

 直感的な意味
「過去問（手元のデータ）での点数を最大...",ZENN 機械学習
2026-02-09 07:14:41,フォントはベクター形式でも文字認識できるか？,https://zenn.dev/fjktkm/articles/2ee64f88276068,"
 1. はじめに
以前の記事で，ベクターフォントの機械学習用ライブラリ TorchFont を紹介しました．
https://zenn.dev/fjktkm/articles/c674b6185076a8
TorchFont は Google Fonts などのフォントリポジトリからグリフのアウトライン情報を取得し，PyTorch の Dataset として扱えるようにするライブラリです．前回の記事ではライブラリの設計や使い方を紹介しましたが，実際にどのようなタスクに活用できるのかという点についてはあまり触れていませんでした．
フォントに関する機械学習では，従来はグリフをビットマップ画...",ZENN 機械学習
2026-02-09 02:12:05,多重共線性,https://zenn.dev/dmmdata/articles/3d1dd0b204efe3,"線形回帰分析において、説明変数どうしに強い線形関係がある状態を多重共線性と呼びます（相関が高いのはその典型例です）。
完全に線形従属の場合、X はランク落ちし、(X^\top X)^{-1} が存在しません。そのため、逆行列を用いる形ではOLSを計算できません。一方、実務でよく遭遇するのは「完全ではないがかなり近い」ケースで、この場合は計算自体は可能ですが、推定結果が不安定になります。
多重共線性がなんとなく悪いことは知られているのですが、なぜそれが問題になるのかを数式で説明できる人は多くない印象です。
そこで本記事では、参考文献を参照しながら自分なりに多重共線性がなぜまずいかを解説しま...",ZENN 機械学習
2026-02-08 11:52:16,GPT-3で知識が止まっている私のための、LLMアーキテクチャ進化論（2020-2026）,https://zenn.dev/yukikotani231/articles/llm-architecture-evolution-2020-2026,"
 はじめに
2021年、高専の卒研に取り組み始めた頃、GPT-3のベータ版利用の申請が通りデモサイトで触れるようになり、遊び倒していました。175Bパラメータという巨大なモデルが、few-shot learningで様々なタスクをこなす姿に衝撃を受けて、卒研のテーマとして自然言語処理を選びました。当時はTransformerの仕組みやAttention機構、スケーリング法則について一生懸命論文を読んでいました。
その後もちょくちょく情報を追いかけていましたが、正直GPT-4が出た2023年以降、完全に置いてかれていました。「GPT-4はMoEらしい」「GQAって何？」「o1は推論時計算...",ZENN ディープラーニング
2026-02-08 10:42:57,衛星データ革命：数式で理解する「自己教師あり学習」の最前線 SatDINO,https://zenn.dev/singularity/articles/2d4c05ac68bc8a,"衛星ビジネスにおいて、毎日降り注ぐ膨大なデータを「いかに早く、安く解析するか」はビジネスの価値に直結しています。しかし、ここには大きなボトルネックがあります。それは 「教師データの作成（ラベル付け）」 です。　ここ数年の人工知能（AI）の世界では、人間が「これは車」「これは森」とラベルを貼らなくても、データそのものから学習する 自己教師あり学習（Self-Supervised Learning, SSL） が主流になりつつあります。衛星データの解析においても同様にSSLが主流になり通あります。　この記事では特に注目されている「MAE」や「SatDINO」といった手法を、少しだけ数式を交え...",ZENN ディープラーニング
2026-02-08 08:24:38,【PyTorch②】中間層と活性化関数を導入して、非線形な関数を学習する,https://zenn.dev/kouch/articles/f9f7d8b1bc483f,"
 前回のおさらい
https://zenn.dev/kouch/articles/cf580a6c9d582d
前回は、一番簡単な関数として

y = wx + b

という一次関数を設定し、その[x, y]を学習させて、weightとbiasを予想させました。
今回は、もう少し複雑な関数として、**「インプットのxを増やす」「二次関数にする」**というレベルアップを試みます。

 複雑な関数を学習させてみよう（中間層なし）

 やりたいこと
今回は、このような関数を学習させてみましょう。

y = x_1^2 + x_2^2 + 5

前回と違い、インプットが[x1, x2]の二つに...",ZENN ディープラーニング
2026-02-07 16:52:23,深層学習を用いた日本株後場リターンの予測,https://zenn.dev/lzrracer/articles/f7cde8c2bde85e,"はじめまして。@kipperundwipper (https://x.com/kipperundwipper) と申します。

 はじめに
価格の時系列データのみから「将来の価格」を予測することは経験的に難しいとされています。効率的市場仮説やランダムウォーク仮説では過去の価格変化と将来の価格変化の間の依存関係は小さく、資産運用上使えるほど強くないこと、またリターンの分布は裾が広いことを持って、過去のデータに基づき将来の機体収益率を向上させることは難しいと議論されています (Fama, 1965) 。また、金融時系列データは market microstructure noise（約定/ス...",ZENN ディープラーニング
2026-02-05 12:09:10,AIを悪い命令から守る！脱獄攻撃を検知する「SNN Guardrail」【AIセーフティの新手法】,https://zenn.dev/cell_activation/articles/a1781cac8b6720,"
 はじめに
前回の記事（v3）では、SNNを「計算の顕微鏡」として使い、AIの思考を観察する技術を紹介しました。
今回のv4では、その技術をAIの防御に応用します！
!
v4の新発見

🛡️ SNN Guardrail: リアルタイムでAIを守る防御システム
🎯 脱獄検知に成功: 検証した8種類の攻撃を全てブロック
📈 スケーリング則発見: 大きいモデルほどSNN監視が効果的



 この記事で出てくる用語解説



用語
意味




SNN
スパイキングニューラルネットワーク。脳みたいに電気信号で動くAI


TTFS
最初に反応するまでの時間。遅い=困ってる


脱獄
AIの安全...",ZENN ディープラーニング
2026-02-04 16:41:26,【PyTorch①】簡単な一次関数モデルを使って、Deep Learnigを一通り理解しよう,https://zenn.dev/kouch/articles/cf580a6c9d582d,"
 はじめに
生成AIの仕組みを理解するにあたって、避けても通れないのが深層学習、Deep Learnigですね。
今回は、PyTorchを使ってコードを見ながら全体像を把握してみましょう。
概念的な理解としては、ヨビノリさんの動画がとてもよかったので、おすすめです！
https://www.youtube.com/watch?v=xzzTYL90M8s&amp;list=PLHtaIkfroUbtxLN8vxUIvNvWQQ4xs8TCM
https://www.youtube.com/watch?v=0itH0iDO8BE&amp;list=PLHtaIkfroUbtxLN8vxUI...",ZENN ディープラーニング
2026-02-04 11:10:37,【実装編】3D CADデータをAIにぶち込め！Pythonで始める無料サロゲートモデル構築,https://zenn.dev/sanottti/articles/20a9a3b80009ce,"
 はじめに：3D形状を「数値」として扱う魔法
前回、3D CADデータ（STL/STEP）を使ったサロゲートモデルの考え方について触れました。
今回は**「じゃあ、具体的にどう書くの？」**という疑問に答えるべく、最小構成の実装コードを公開します。
高価なソフトウェアは一切不要。numpy-stl と PyTorch さえあれば、あなたのPCで3D形状を理解するAIが動き出します。


 1. 3DデータをどうやってAIに食わせるか？
AIは「STLファイル」をそのままでは読み込めません。そこで、メッシュ（三角形の集まり）を**「点群（Point Cloud）」**に変換するのが最もシ...",ZENN ディープラーニング
2026-02-02 17:10:52,PyTorch TabularとPyTorch Frameの比較,https://zenn.dev/hiroki_k21/articles/8798115486319f,"
 概要
この記事では、表形式データの深層学習モデルを扱うライブラリとして、PyTorch TabularとPyTorch Frameを比較します。両者は設計思想が異なるため、目的（素早いベースライン作成／拡張性の高い実装）に応じて選択します。

 PyTorch Tabularとは?
PyTorch Tabularとは、表形式データを扱う深層学習モデルを扱うためのライブラリです。学習やsweep機能によって、比較的容易にモデルを構築できるのが特徴です。主な機能は以下のとおりです。

TabNetやDANETsといったモデルを共通のAPIを通じて利用可能
ハイパーパラメータ探索やモデルス...",ZENN ディープラーニング
2026-02-02 14:36:03,ANN（人工ニューラルネットワーク）をSNNに変換する法則を発見！閾値=活性化×2.0で100%精度を維持！,https://zenn.dev/cell_activation/articles/89bcdb106c181f,"
 はじめに
SNN（Spiking Neural Network）で省電力で動作するAIが作れる可能性を私は記事で書いてきました。
しかし、DNN（Deep Neural Network）やCNN（Convolutional Neural Network）といったANNと比べると、SNN製のAIモデルはなかなか数が少ないと思います…。
そこで私は
「学習済みのANNのディープラーニングモデルをSNNのモデルに変換できる法則が発見できれば、簡単にSNN製AIを作っていけるのではないか」
と考えました！
そして今回はシンプルな公式で、ANN→SNN変換が精度損失なしでできることを発見しまし...",ZENN ディープラーニング
2026-02-01 09:41:06,Tweedieの公式を証明してみる,https://zenn.dev/yoshitakamo/articles/4842fc8c27ae35,"ゼロから作るDeep Learning 5のP. 246にも登場する、拡散モデルの中で重要な働きをするMaurice Tweedieの公式を示してみます。ちょっと証明を検索してみたけれど簡単なものが見つからなかったので、自分で再構築してみました。
示す公式は以下の通り


\boldsymbol{x} \sim \mathcal{N}(\boldsymbol{x} ; \boldsymbol{\mu}, \boldsymbol{\Sigma})

によってサンプル \boldsymbol{x} が得られたとき、次の式が成り立ちます。

\mathbb{E}[\boldsymbol{\mu...",ZENN ディープラーニング
2026-01-31 13:29:46,Self-Attentionで画像生成を改善する：DCGAN vs SAGAN比較実験,https://zenn.dev/yakagen/articles/2d37789ca363bb,"
 はじめに
前回の記事でDCGANを実装しましたが、Discriminatorが優勢になり学習が不安定になる問題が発生しました。
この記事では、**SAGAN（Self-Attention GAN）**の手法を取り入れて問題を解決し、DCGANとの比較実験を行います。

 前回の問題点
DCGANの学習結果：



指標
値
問題




D_loss
0.41
低すぎる


G_loss
4.14
高すぎる


D(G(z))
0.02
Dが完璧に識別



Discriminatorが強くなりすぎて、Generatorが全く騙せない状態でした。

 SAGANとは
SAGAN（Se...",ZENN ディープラーニング
2026-01-30 02:30:36,【PyTorch×宇宙】深層学習で挑む銀河画像分類入門,https://zenn.dev/yonesuryo/books/cb15dd8e7feb96,"未経験から「宇宙研究」の最前線へ。
本物の観測データ × 最新AI技術で、あなただけの銀河分類器を作り上げよう。
",ZENN ディープラーニング
2026-01-25 23:05:50,動画拡散モデル×効率的なカメラ制御×高精度な動画カメラアライメントの実現,https://zenn.dev/yunisuta/articles/arxiv_20260125-180545,"---
title: ""動画拡散モデル×効率的なカメラ制御×高精度な動画カメラアライメントの実現""
emoji: ""🔥""
type: ""tech""
topics: [""VideoDiffusionModel"",""CameraControl"",""3DRepresentation"",""RewardFeedbackLearning"",""ComputerVision""]
published: true
---

 動画拡散モデル×効率的なカメラ制御×高精度な動画カメラアライメントの実現
近年、動画生成分野では拡散モデルが非常に注目を浴びており、特にカメラ制御を加えた動画生成は、映画制作やバーチャ...",ZENN ディープラーニング
2026-01-23 01:00:00,【LLM自作入門 Vol.3】学習ループの設計と省メモリ学習の技術について,https://zenn.dev/lluminai_tech/articles/a3439384d0b13b,"
 はじめに
ルミナイR&amp;Dチームの宮脇彰梧です。
「LLMをゼロから作る」連載の第3回です。
これまでの記事で、以下の準備が整いました。


Vol.1：BPEトークナイザとデータセットの構築

Vol.2：Llamaアーキテクチャ（RMSNorm, RoPE, SwiGLU）の実装

https://zenn.dev/lluminai_tech/articles/ca54564106414a
https://zenn.dev/lluminai_tech/articles/f488b0843efda3
今回は、このモデルに命を吹き込む「学習ループ（Training Loop）」...",ZENN ディープラーニング
