date,title,link,description
2025-10-31 14:30:00,GitHub、AIエージェントを統べる「Agent HQ」構想を発表　ClaudeやCodex、Devinなど他社AIエージェントも利用可能に,https://www.itmedia.co.jp/news/articles/2510/31/news112.html,米GitHubは、10月29日未明（日本時間）から開催中の年次イベント「GitHub Universe 2025」で、新たなビジョンとして「Agent HQ」を発表しました。
2025-10-31 14:12:00,「Gemini 3」は年内リリース予定──Google・ピチャイCEOが投稿,https://www.itmedia.co.jp/aiplus/articles/2510/31/news110.html,「Gemini 3」は年内リリース予定だ──米Googleのスンダー・ピチャイCEOは10月30日（現地時間）、自身のXアカウント（＠sundarpichai）でそんな投稿をした。
2025-10-31 10:55:00,OpenAI、GPT-5搭載のサイバーセキュリティエージェント「Aardvark」発表,https://www.itmedia.co.jp/aiplus/articles/2510/31/news092.html,OpenAIは、サイバーセキュリティ研究エージェント「Aardvark」を発表した。GPT-5を搭載し、ソースコードを継続的に分析して脆弱性の特定、評価、パッチ提案までを自律的に行う。プライベートβ版として提供を開始した。
2025-10-31 08:00:00,「市場の独占は起きない」　さくらインターネット田中社長が語るAI業界の未来,https://www.itmedia.co.jp/enterprise/articles/2510/31/news063.html,生成AIは産業構造をどう変えるのか。さくらインターネットと東大発スタートアップneoAIのキーパーソンが「AGI元年」をテーマに未来を語った。IT産業が転換期を迎える中、インフラとアプリ、それぞれの視点から見えた日本のAIの勝ち筋とは。
2025-10-31 08:00:00,「2年以内にAIで成果を出さないとクビになる」　CIO／CDOへの圧力が増大か,https://www.itmedia.co.jp/enterprise/articles/2510/31/news029.html,Dataikuの国際調査の結果から、95％のデータリーダーがAI意思決定の可視性欠如を認め、経営層との認識乖離や責任集中、説明可能性の不足がAI導入停滞の要因となっていることが明らかとなった。
2025-10-31 07:30:00,攻撃者の次の狙いは“AIの中身”　新たなるサプライチェーンリスクに備えよう,https://www.itmedia.co.jp/enterprise/articles/2510/15/news010.html,「Apache Log4j」の脆弱性など、ソフトウェアサプライチェーンのリスクは多くの企業が知るところだ。しかし注意すべきはそれだけではない。AI時代に本格化の兆しが見える新たなサプライチェーンリスクについて解説する。
2025-10-31 07:08:00,ルートテーブルを管理する　手動で経路の追加や変更も,https://xtech.nikkei.com/atcl/nxt/mag/nnw/18/101700230/101700009/,　IPをインターネットのプロトコルたらしめている動作といえば、ルーティングである。ルーティングとは、LANをまたいでパケットを転送する機能を指す。「宛先がどのLANであればどのポートからパケットを送出するのか」という、経路の情報を記述したものがルートテーブルである。
2025-10-31 07:07:00,ポートはデータの出入り口　その動作状態を確認する,https://xtech.nikkei.com/atcl/nxt/mag/nnw/18/101700230/101700008/,　netstatはネットワークの動作状況を把握するためのコマンドだ。通信に利用しているポートやその動作状態が把握できる。具体的には、TCPかUDPかを示す「プロトコル」と、ローカル側（ローカルアドレス）と通信相手（外部アドレス）のアドレス及びポート番号、「状態」を示す。
2025-10-31 07:06:00,ドメイン名からIPアドレスを知る　DNSに登録した諸情報を取得,https://xtech.nikkei.com/atcl/nxt/mag/nnw/18/101700230/101700007/,　nslookupはDNS関連の情報を収集するためのコマンドである。IPネットワーク自体はIPアドレスさえ分かればつながるが、人間が記憶したり認識したりするにはとても不便だ。IPアドレスと人間が認識しやすいドメイン名を結び付けるのがDNSである。インターネットを支えるインフラといえる。
2025-10-31 07:05:00,端末のIPアドレスを管理　DHCPから再取得もできる,https://xtech.nikkei.com/atcl/nxt/mag/nnw/18/101700230/101700006/,　ipconfigは端末のIPアドレス関連の設定を管理するためのコマンドである。どのサーバーにもインターネットにもつながらないとき、まず疑うべきは端末側のIPアドレスの状況だ。これを知る際に使うのがipconfigである。
2025-10-31 07:04:00,イーサネットとIPを結ぶ　ARPテーブルを管理する,https://xtech.nikkei.com/atcl/nxt/mag/nnw/18/101700230/101700005/,　IPで通信するといっても、実際にはその下のレイヤーにおける通信処理が発生する。具体的には、有線であればイーサネットによる通信で、無線であれば無線LAN（Wi-Fi）による通信である。
2025-10-31 07:03:00,相手までの経路を確認する　もう1つのコマンド,https://xtech.nikkei.com/atcl/nxt/mag/nnw/18/101700230/101700004/,　tracertに比べて知名度は低いが、pathpingコマンドを使っても宛先までの経路を取得できる。pathpingはさらに、経路上にあるルーターごとにpingに相当する処理を実行し、応答時間（画面上ではRTTと表示される）やpingの成功率なども合わせて計測してくれる。
2025-10-31 07:02:00,宛先までの経路を把握　どこまで届くかを確認できる,https://xtech.nikkei.com/atcl/nxt/mag/nnw/18/101700230/101700003/,　tracertは宛先までの経路を把握するためのコマンドだ。ただしデフォルトでは各ルーターに3回パケットを送って応答時間の平均を取るため、処理にはそれなりの時間がかかる。
2025-10-31 07:01:00,相手との疎通を確認する　ネットワークコマンド基本の「キ」,https://xtech.nikkei.com/atcl/nxt/mag/nnw/18/101700230/101700002/,　ネットワークトラブルが発生した際に、まず試すネットワークコマンドがpingだろう。pingはコマンドを実行するパソコンと通信相手の疎通を確認するために使う。
2025-10-31 07:00:00,CrowdStrikeが7つのAIエージェントを発表　セキュリティ業務はどう変わるか？,https://www.itmedia.co.jp/enterprise/articles/2510/31/news038.html,クラウドストライクは新製品および製品アップデートを公開した。CrowdStrike FalconプラットフォームにAIエージェントを組み込み、セキュリティ業務の大幅な効率化を実現するという。
2025-10-31 07:00:00,トラブル対応の「引き出し」増やして成長　父の背中を見て電気通信工事の道へ,https://xtech.nikkei.com/atcl/nxt/mag/nnw/18/041600215/101700007/,　2025年7月から（東京都豊島区にある）城西技術センタの長として、25人ほどの従業員を束ねています。同センタでは主に通信キャリアから依頼を受け、インターネットのアクセス回線などの工事を手掛けます。
2025-10-31 07:00:00,世界のランサム被害は3カ月連続で500件超　新顔「Sinobi」の被害が急増,https://xtech.nikkei.com/atcl/nxt/mag/nnw/18/041600214/101700008/,　世界中の企業がランサムウエアの脅威にさらされている。多くの攻撃を受けている国・地域はどこなのか、どのようなランサムウエアグループが活発な動きをしているのか――。ダークWebの分析に強い韓国S2Wが、最新動向をリポートする。
2025-10-31 07:00:00,管理者に必須なツール　ネットワークコマンドは怖くない,https://xtech.nikkei.com/atcl/nxt/mag/nnw/18/101700230/101700001/,　ネットワークの状態を把握するのに、「ping」や「tracert」といった「ネットワークコマンド」はとても有用である。ネットワーク管理者にとって必須ツールといえる。
2025-10-31 05:00:00,iPhoneのバッテリー劣化を防ぎ、マイナンバーカードの機能を使いこなす,https://xtech.nikkei.com/atcl/nxt/column/18/03289/090800009/,　iPhoneには、バッテリーの劣化を抑えるために端末の使われ方や充電のパターンを学習し、充電を最適化する仕組みがある。例えば、就寝前に充電する習慣があると、iPhoneはその傾向を把握し、充電をいったん80％で止めた上で、起床前のタイミングに合わせて残りをゆっくり充電する。
2025-10-31 05:00:00,インターネットの「入り口」となるアクセス網、最大伝送速度は10Gbpsに高速化,https://xtech.nikkei.com/atcl/nxt/column/18/03381/102400002/,　アクセス網とは戸建てやマンションといったエンドユーザーの拠点とISPをつなぐネットワーク。「ユーザー拠点から局舎までのFTTH」と「局舎からPOPまでの中継網」から成る。詳しい構成を見ていこう。
2025-10-31 05:00:00,技術革新で一気に高まる核融合投資、過熱する米国の開発競争,https://xtech.nikkei.com/atcl/nxt/column/18/02421/102400102/,　核融合エネルギーは、安全性や環境負荷の低さ、燃料の豊富さから注目が高まっており、米国では主にスタートアップによる開発が加速している。活発な投資を呼び込むきっかけとなった技術革新や最新の投資動向を通して、核融合の現在地に迫る。
2025-10-31 05:00:00,ペットの見守りカメラなら「Tapo C220」、鳴き声を検知しスマホに通知,https://xtech.nikkei.com/atcl/nxt/column/18/03341/091700004/,　今やペットの飼育数が子どもの数を上回る時代。「外出中はペットのことが気になって……」という人も多いだろう。そんな人にもネットワークカメラが大いに役立つ。外出先から自宅の愛犬や愛猫の様子を手に取るように把握できる。
2025-10-31 05:00:00,国内の通信事業者8社が「避難所」支援、災害対策で連携を強化する事情,https://xtech.nikkei.com/atcl/nxt/column/18/00745/102800231/,　普段は競合関係にあるNTTグループ、KDDI、ソフトバンク、楽天モバイル。だが2024年の能登半島地震以降、被災からの早期復旧に向けた協力関係を急速に強めている。2025年10月には、避難所支援に関する連携を強化すると発表した。その背景には何があるのだろうか。
2025-10-31 05:00:00,「UAE、テラヘルツ波で145Gビット／秒」など5本,https://xtech.nikkei.com/atcl/nxt/column/18/02928/102400064/,　今回は、2025年10月13～19日に移動通信関連企業・組織から発表されたニュースの中からセレクトした5本をお届けします。英国で行われたミリ波オークションの結果や世界のミリ波事情、米国のD2D（Direct-to-Device、人工衛星とスマートフォンの直接通信）活用状況などをご紹介します。
2025-10-31 05:00:00,韓国金融機関への「Qilin」の攻撃が激化、25年9月のランサム被害を分析,https://xtech.nikkei.com/atcl/nxt/column/18/03053/102800011/,　世界中の企業がランサムウエアの脅威にさらされている。ダークウェブの分析に強い韓国S2Wが、最新動向をリポートする。
2025-10-31 05:00:00,日本の「合意主導型」デジタル行政、米国やEUと異なる第4モデルへの期待,https://xtech.nikkei.com/atcl/nxt/column/18/03380/102500003/,　高市早苗首相が2025年10月28日、トランプ米大統領と初の首脳会談に臨み、実利を重視する「トランプ流」と向き合った。トランプ流は経済や外交だけでなく、各国のデジタル政策の議論にも影響を与えており、そうした中で日本のデジタル政策は「合意主導型」として期待もされる。
2025-10-31 05:00:00,名古屋市の学校ネット、校務系を完全クラウド化　SASE導入し端末統合,https://xtech.nikkei.com/atcl/nxt/column/18/00001/11210/,　名古屋市教育委員会が他の政令指定都市に先駆け、教職員の業務を支援する校務系システムをパブリッククラウドに完全移行した。場所を選ばず1台の教職員端末から、校務系システムと学習系システムの両方を利用できるロケーションフリーの環境を整備した。
2025-10-31 05:00:00,AWSとGoogleから計200万個、爆増する新興AnthropicのAIチップ利用,https://xtech.nikkei.com/atcl/nxt/column/18/00692/103000173/,　AI（人工知能）スタートアップの米Anthropic（アンソロピック）がAIチップの調達を加速させている。AWSのAIチップの利用規模を2025年内に100万個にまで拡大する一方、Google Cloudでも最大100万個のAIチップを利用する計画を発表している。
2025-10-31 05:00:00,住友重機械工業は9000人へのDX教育プロジェクト、優秀事例がPM Awardで集結,https://xtech.nikkei.com/atcl/nxt/column/18/00001/11218/,　プロジェクトマネジメント（PM）の推進団体PMI（Project Management Institute）日本支部は2025年10月25日、「PM Award 2025」の表彰式を開催した。QCD（品質、コスト、納期）の順守だけでなく、「価値提供」を新たなゴールとするプロジェクトの実践例が複数発表された。
2025-10-31 05:00:00,Windows 11の進化を再確認、メンテナンスや高速化の方法が変わってきた,https://xtech.nikkei.com/atcl/nxt/column/18/03356/092600002/,　Windowsがバージョンアップすると、スタートボタンの位置やアイコンのデザインといった外観上の違いに目が行きがちだ。しかし、本当の進化はOSの内部で起きている。パソコンの高速化に関しても、バージョンが更新されるごとに次々と新しい技術が投入されてきた。
2025-10-31 05:00:00,Python 3.14新機能：PyREPL（対話型シェル）に追加された構文ハイライト機能とそのカスタマイズ,https://atmarkit.itmedia.co.jp/ait/articles/2510/31/news027.html,Python 3.14ではPyREPLやモジュールのヘルプなどで、構文がハイライト表示されるようになりました。その概要とカスタマイズの方法について見てみましょう。
2025-10-30 17:35:00,人型ロボット、日本の物流倉庫で働く　山善が実証実験　人型にこだわる理由は？,https://www.itmedia.co.jp/aiplus/articles/2510/30/news110.html,山善は、物流倉庫における人型ロボット導入の実証実験の様子を公開した。デモンストレーションでは、人型ロボットがぬいぐるみをピックアップする姿を披露した。
2025-10-30 16:02:00,TBS、ドラマ「VIVANT」続編に動画生成AI　「Veo 3」の映像を採用へ　地上波放送のドラマで初,https://www.itmedia.co.jp/aiplus/articles/2510/30/news102.html,TBSは、現在制作中のテレビドラマ「VIVANT」続編に、動画生成AI「Veo 3」の映像を採用すると発表した。
2025-10-30 16:00:00,KDDIの大阪堺データセンターが稼働へ、勝ち筋はソブリン性とフィジカルAI,https://xtech.nikkei.com/atcl/nxt/column/18/00001/11215/,　KDDIは2026年1月下旬に「大阪堺データセンター」を稼働させる。米NVIDIAの「NVIDIA GB200 NVL72」が使えるクラウドサービス「KDDI GPU Cloud」のトライアル提供も始める。KDDIは「ソブリン性」と「フィジカルAI」に勝ち筋を見い出す。
2025-10-30 15:50:00,NECとローソンがAIで店舗従業員の行動を分析、作業の30％削減を目指す,https://xtech.nikkei.com/atcl/nxt/news/24/02922/,　NECは2025年10月30日、映像認識AI（人工知能）と大規模言語モデル（LLM）を利用し、従業員の作業行動を分析・可視化する実証実験をローソンと共同で実施すると発表した。
2025-10-30 15:47:00,「AI動画ではない」証明　ソニー、動画対応の真正性証明技術を報道機関向けに提供,https://www.itmedia.co.jp/aiplus/articles/2510/30/news099.html,ソニーは、動画に対応した真正性証明技術を開発し、業界で始めて、同技術を活用した真正性カメラソリューションの提供を報道機関向けに開始する。
2025-10-30 13:45:00,NECの4～9月期決算は増収増益、国内ITがけん引　通期予想も上方修正,https://xtech.nikkei.com/atcl/nxt/news/24/02920/,　NECは2025年10月29日、2025年4～9月期の連結決算（国際会計基準）を発表した。売上高に当たる売上収益が前年同期比6％増の1兆5697億円、買収関連費用を除いた調整後営業利益は前年同期に比べて約2.2倍の1315億円と増収増益だった。
2025-10-30 12:40:00,「Claude」のAnthropic、東京オフィスを開設　アモデイCEOが高市総理と面会,https://www.itmedia.co.jp/news/articles/2510/30/news084.html,「Claude」を手掛ける米Anthropicが、アジア太平洋地域で初となる東京オフィスを開設した。これに合わせ、ダリオ・アモデイ最高経営責任者（CEO）が高市早苗総理大臣と会談し、AIの安全性評価手法を検討する日本の政府機関「AIセーフティ・インスティテュート」（AISI）と、AI評価手法に関する協力の覚書に署名した。
2025-10-30 12:30:00,KDDI、さくら、ハイレゾが「日本GPUアライアンス」を設立　AI向けの計算資源の安定供給を目指す,https://www.itmedia.co.jp/enterprise/articles/2510/30/news062.html,KDDI、さくらインターネット、ハイレゾの3社は、日本のAI開発を支えるため「日本GPUアライアンス」を設立した。相互再販によりGPU資源の安定供給を実現し、国産クラウド基盤で安全性を確保する。
2025-10-30 09:00:00,分断されたAIコーディング界隈を統合する「Agent HQ」　GitHubが新構想を発表,https://atmarkit.itmedia.co.jp/ait/articles/2510/30/news054.html,GitHubは、OpenAIやAnthropicなどの主要なAIコーディングエージェントを統合する「Agent HQ」構想を発表した。AIの利用状況の可視化やAIアクセスを管理する機能も提供するという。
2025-10-30 09:00:00,「仕事は楽な方がいい」　ワイン一筋から「デジタル人材」に大変身　キリンDX道場でベテラン社員が学んだこと,https://www.itmedia.co.jp/business/articles/2510/30/news034.html,多くの企業がDX人材の育成に課題を抱えている中、キリンHDは2021年から、「DX道場」という独自プログラムを展開。受講者の中には、研究職出身ながら業務自動化ツールを使いこなし、具体的な成果を挙げた例も出ているという。同社に話を聞いた。
2025-10-30 08:00:00,“指をかざすだけ”の生体認証システム　日立と東武鉄道がタッグを組んだワケ,https://www.itmedia.co.jp/business/articles/2510/30/news018.html,日立製作所と東武鉄道が共同開発したのが生体認証サービス「SAKULaLa」（サクララ）だ。誕生の舞台裏を、日立製作所デジタルアイデンティティ本部の石川学主任技師と、東武鉄道経営企画本部の金子悟課長に聞いた。
2025-10-30 07:06:00,オラクルが世界最大級のAIスパコン　最大16ゼタFLOPSの性能を発揮,https://xtech.nikkei.com/atcl/nxt/mag/nc/18/020800017/102201336/,　米オラクルは米国時間2025年10月14日、年次イベント「Oracle AI World 2025」で世界最大級のAI（人工知能）スーパーコンピューター「OCI Zettascale 10」を発表した。米オープンAIなどと米南部テキサス州アビリーンで進めるAI向けデータセンター建設プロジェクト「Stargate」で初採用する。
2025-10-30 07:05:00,米マイクロソフトが日本で直販導入へ　取引額が大きい一部の大手が対象,https://xtech.nikkei.com/atcl/nxt/mag/nc/18/020800017/102301339/,　米マイクロソフトが日本で直販を導入する方針であることがこのほど、日経コンピュータの取材で分かった。同社との取引額が大きい一部の大手企業を対象とする方向で調整している。日本の企業向け市場において、同社はパートナー経由の間接販売を主体としている経緯があり、直販の導入は販売戦略の転換になる。
2025-10-30 07:04:00,デジタル庁、アクセンチュアを指名停止　承認を得ない再委託で処分,https://xtech.nikkei.com/atcl/nxt/mag/nc/18/020800017/102301340/,　デジタル庁は2025年9月26日、アクセンチュアを同日から26年1月25日までの4カ月間の指名停止処分とした。処分理由は、アクセンチュアがデジタル庁の承認を得ずに他社へ業務を再委託していたからだ。
2025-10-30 07:03:00,マネーフォワードが技術的負債「返済」　8年かけDBをモノリシックから分散へ,https://xtech.nikkei.com/atcl/nxt/mag/nc/18/020800017/102201337/,　マネーフォワードは同社が提供する全SaaS（ソフトウエア・アズ・ア・サービス）のデータ基盤を8年がかりで順次刷新、各SaaSのデータベース（DB）を分離する取り組みを2025年6月までに完了した。市場へのサービス展開の速さを優先して抱えていた「技術的負債」を専任エンジニアの投入で「返済」していった。
2025-10-30 07:02:00,アスクル、ランサム被害で出荷停止　無印良品やロフトのECサイトにも影響,https://xtech.nikkei.com/atcl/nxt/mag/nc/18/020800017/102301338/,　通販大手のアスクルは2025年10月19日、ランサムウエア感染によるシステム障害が発生したと発表した。法人向けの「ASKUL」や個人向けの「LOHACO」など同社の複数の電子商取引（EC）サイトで受注・出荷を停止した。
2025-10-30 07:01:00,SOMPOが社内データの統合基盤　今後の生成AI活用に向けて前進,https://xtech.nikkei.com/atcl/nxt/mag/nc/18/020800017/102201335/,　SOMPOホールディングスと傘下の損害保険ジャパンが、米パランティア・テクノロジーズのデータ統合基盤「Palantir Foundry」を活用した業務効率化に取り組んでいる。Foundryは、複数のデータソースに分散したデータを統合し活用可能な形へ加工できる機能を備える。
2025-10-30 07:00:00,利用者急増中の「Microsoft 365 Copilot」　“一番便利な使い方”をユーザーに聞いてみた,https://kn.itmedia.co.jp/kn/articles/2510/30/news024.html,企業において存在感を増す「Microsoft 365 Copilot」。その利用者はついに多数派となり、活用は新たなフェーズに入った。資料作成や会議にとどまらない多様な利用シーンと、ユーザーが実感する具体的な効果とは。
2025-10-30 07:00:00,違いが分かる重要セキュリティー用語,https://xtech.nikkei.com/atcl/nxt/mag/nnw/18/101700231/101700001/,　米Gartnerが2024年に実施した調査によると、大企業では平均45件ものセキュリティーツールが使用されているという。導入されるツールの多さに比例するかのように、市場には年を追うごとに新しいセキュリティー用語が次々と登場し、分かりにくいものも多い。
2025-10-30 07:00:00,JALカードが「AIバーチャル顧客」実証　DMからの購買率が従来比1.7倍に,https://xtech.nikkei.com/atcl/nxt/mag/nc/18/020800017/102301341/,　ジャルカード（JALカード）はNTTデータと、生成AI（人工知能）を用いたマーケティング施策の高度化の実証実験をした。顧客データを基に複数の「AIバーチャル顧客」を作成し、それら同士に販促対象商品への関心などを議論させ、マーケティング施策に何が有効なのか示唆を得た。
2025-10-30 07:00:00,GPUサーバー同士の遠隔通信が6倍速に,https://xtech.nikkei.com/atcl/nxt/mag/nnw/18/041800012/101700305/,　NTTドコモビジネス（旧NTTコミュニケーションズ）が、遠隔地にある複数のGPU（Graphics Processing Unit）サーバー同士を超高速に連携させる技術の開発で成果を上げた。
2025-10-30 05:00:00,iPhoneやiPadの「車両モーションキュー」、黒い丸で乗り物酔いを軽減する,https://xtech.nikkei.com/atcl/nxt/column/18/03289/090800008/,　「iPhone」を普段使いしていて感じるちょっとした疑問をスッキリ解決しよう。知っておくと役立つ便利機能や、設定も併せて紹介する。思わず人に教えたくなる情報がきっと見つかるはずだ。
2025-10-30 05:00:00,Windows 11の快適利用を実現、4つの着眼点で過去の常識をアップデート,https://xtech.nikkei.com/atcl/nxt/column/18/03356/092600001/,　Windows 10のサポートが終了する状況を踏まえ、読者の間でもWindows 11を利用する人が着実に増えている。11の利用者比率はこの1年で約15％上昇し、約3分の2のユーザーが11への移行を終えた。10に代わって「11が主役」の時代が到来した。
2025-10-30 05:00:00,「発電が主役で、営農はオマケ」、主従逆転の理由を実例で分析,https://xtech.nikkei.com/atcl/nxt/column/18/02421/102400101/,　今回は発電事業者や営農者の座組がもたらす「主従逆転のビジネス構造」を13事例の分析から明らかにする。営農がおろそかになる大きな要因は発電と営農の収入格差にある。だが、もう1つの大きな要因は、発電事業者が全体を制御する構造の中にあった。
2025-10-30 05:00:00,その回線、どこが提供しているの？インターネット接続サービスを4形態で図解,https://xtech.nikkei.com/atcl/nxt/column/18/03381/102400001/,　インターネットを「背骨」のごとく支える高速大容量のネットワークである「バックボーンネットワーク」を中心に、インターネットに接続する際に経由する様々なネットワークの実体を探っていく。まずは個人宅やオフィスの端末からアクセス先のコンテンツに至るまでの全体像を俯瞰しよう。
2025-10-30 05:00:00,脱炭素の9技術が有望度でトップ50入り、海洋アルカリ度増強にGoogleも熱視線,https://xtech.nikkei.com/atcl/nxt/column/18/03191/102800008/,　日経クロステックとZuvaは2025年10月、テクノロジー未来投資指数のランキングを2025年6月末時点のデータを基に更新した。2025年3月末時点ではランキング上位の多くをAI関連技術が占めていたが、6月末時点では宇宙関連技術や脱炭素関連技術など様々な分野がランクインした。中でも注目は脱炭素関連技術だ。
2025-10-30 05:00:00,モダナイはDXの出発点にすぎない、老朽化した基幹システムを救え,https://xtech.nikkei.com/atcl/nxt/column/18/00849/00171/,　多くの日本企業が長年DXをサボったことで「2025年の崖」が現実のものとなってしまった――。前回の「極言正論」でこの点を指摘したが、実際に老朽化した基幹システムを抱え「崖」から転落した、あるいは転落しつつある企業が実に多い。
2025-10-30 05:00:00,「同僚がヘッドハンティングされた」、あせらず振り返りで心を整える,https://xtech.nikkei.com/atcl/nxt/column/18/01775/102900242/,　SNSで同僚の転職報告を目にしたり、「ヘッドハンティング」と聞いたりしたとき、落ち着かない気分になることはないでしょうか。そんなときは深呼吸して、自分の強みを振り返ってみてください。
2025-10-30 05:00:00,高市政権の目玉経済政策「給付付き税額控除」、問われるデジタル庁の統率力,https://xtech.nikkei.com/atcl/nxt/column/18/03380/102500002/,　高市早苗首相は2025年10月24日の所信表明演説で「早期に給付付き税額控除の制度設計に着手する」と述べた。政府が給付付き税額控除を初めて取り上げたのは2007年11月の政府税制調査会の答申にまでさかのぼる。デジタル庁が制度設計をリードする必要がある。
2025-10-30 05:00:00,LangChain＆LangGraph 1.0正式版が登場　PythonとTypeScript対応のAIエージェント開発ライブラリ,https://atmarkit.itmedia.co.jp/ait/articles/2510/30/news013.html,かつて“実験的すぎる”とされたフレームワークが“安定版”へ進化し、LangGraphとの連携強化で運用面の信頼性も向上した。群雄割拠するAIエージェント開発の世界で、LangChainは再び存在感を示せるか注目。
2025-10-30 05:00:00,4000円のネットワークカメラで防犯対策、不審者を検知して録画・警告できる,https://xtech.nikkei.com/atcl/nxt/column/18/03341/091700003/,　何かと物騒な世の中、個人の住宅でも防犯対策を考える時代になってきた。とはいえ大手警備会社が提供する防犯サービスは高額で簡単には手を出せない。そこで提案したいのがネットワークカメラの導入だ。
2025-10-30 05:00:00,Excelで「文字分割」、TEXTSPLIT関数を使って作業を瞬時に自動化,https://xtech.nikkei.com/atcl/nxt/column/18/00286/102800385/,　Excelの「データ」タブには「区切り位置」ボタンがある。セルに入力してある値を、指定した区切り文字で別々のセルに分割するものだ。比較的新しい「TEXTSPLIT関数」を利用すると、同様の作業をそれこそ瞬時に実行できる。
2025-10-30 05:00:00,相次ぐIT子会社の再編で浮かび上がる真の課題、経営と現場の「距離」,https://xtech.nikkei.com/atcl/nxt/column/18/00138/102801879/,　ここ数年、ユーザー企業によるIT子会社の再編が相次いでいる。親会社に吸収したり、親会社のIT組織を子会社側に集約したり、ベンダーと共同出資会社を設立したりと、その形は様々だ。背景にあるのは「ITを経営の中枢に据える」という強い思いだ。
2025-10-29 17:25:00,NECが約4400億円で米CSG Systemsを買収、北米子会社の顧客基盤強化,https://xtech.nikkei.com/atcl/nxt/news/24/02915/,　NECは2025年10月29日、通信事業者向けソフトウエアを手掛ける米CSG Systems Internationalを買収すると発表した。同日の取締役会で決議し、同社と合併契約を締結した。取得価額は約28億8700万ドル（約4417億円）で、2026年中に買収完了を予定する。
2025-10-29 13:58:00,“家庭用人型ロボとの生活”が現実に――米企業が一般向けに販売開始　価格は約300万円or月額7万5000円,https://www.itmedia.co.jp/aiplus/articles/2510/29/news090.html,ロボット開発企業である米1Xは、家庭用人型ロボット「NEO」の販売を始めた。
2025-10-29 11:36:00,NVIDIA、Nokiaに10億ドル投資へ　AI活用の無線ネットワーク構築で協力,https://www.itmedia.co.jp/aiplus/articles/2510/29/news075.html,米NVIDIAがフィンランドNokiaとのパートナーシップを発表し、同社に10億ドル（同日時点で約1500億円）を投資する方針を示した。2社は今後、AIを統合することで通信品質を最適化した次世代の無線ネットワーク「AI-RAN」の展開や、そのインフラ構築で協力する。
2025-10-29 10:50:00,LINEヤフーが希望退職を募集、40歳以上かつ勤続年数5年以上の社員が対象,https://xtech.nikkei.com/atcl/nxt/news/24/02914/,　LINEヤフーは2025年10月下旬、希望退職を募集する「ネクストキャリア支援制度」を全社員に通知した。日経クロステックの取材で2025年10月29日までに分かった。退職希望者が制度を利用して退職する場合、LINEヤフーが一定の支援金を支給する。
2025-10-29 10:35:00,「クリエーターの著作権守る」小野田紀美氏　動画生成AIの著作権問題　体制整備検討,https://www.itmedia.co.jp/news/articles/2510/29/news072.html,小野田紀美・知的財産戦略担当相は10月28日の記者会見で、動画生成AI（人工知能）による著作権侵害の懸念が出ていることを巡り、海外の状況も参考に国内の体制整備について検討する考えを示した。
2025-10-29 09:44:00,PayPalとOpenAIが提携　ChatGPTで直接PayPal支払いが可能に,https://www.itmedia.co.jp/news/articles/2510/29/news068.html,PayPalはOpenAIとの提携を発表した。2026年からChatGPT内でPayPal決済が可能になる。PayPalはOpenAIのオープンプロトコル「ACP」を採用し、加盟店の「Instant Checkout」利用を決済面でサポートする。これにより、数千万の加盟店がChatGPTで商品を販売可能になる見込みだ。
2025-10-29 09:00:00,ChatGPT、「Company knowledge」機能追加　SlackやGitHubなどから関連情報を抽出して回答を生成,https://atmarkit.itmedia.co.jp/ait/articles/2510/29/news060.html,回答には参照元を明示するので、情報の出所を確認できる。
2025-10-29 08:00:00,財布もスマホも不要、「指先で決済」　日立×東武が描く“ポスト・キャッシュレス”社会とは？,https://www.itmedia.co.jp/business/articles/2510/29/news034.html,日立製作所と東武鉄道が共同開発した生体認証サービス「SAKULaLa」。利用者の指静脈や顔といった生体情報をユーザーのアイデンティティ情報とひもづけられるプラットフォームだ。今後どのような形で展開していくのか、両社の担当者に聞いた。
2025-10-29 08:00:00,日本は“AIで100兆円創出”できるか？　OpenAIが提言する、日本のAI推進戦略3つの柱,https://www.itmedia.co.jp/enterprise/articles/2510/29/news024.html,OpenAIは日本に向けたAI政策の枠組みを公表した。AI活用がもたらす経済価値は100兆円を超え、日本は歴史的転換点を迎えていると指摘。明治、戦後に続く第3の発展段階「知能の時代」を、日本はいかにして築けばよいのか。
2025-10-29 08:00:00,利用SaaSに潜む「隠れAI」　認識率は8割超えも、3社に1社は未確認,https://www.itmedia.co.jp/business/articles/2510/29/news016.html,ChatGPTやGeminiなど、生成AIの業務利用が拡大している。企業のセキュリティ対策を支援するアシュアード（東京都渋谷区）は、AI活用時のセキュリティ対策に関する調査を実施した。
2025-10-29 07:30:00,Copilot Studioを悪用した新手のOAuth攻撃「CoPhish」　Datadogが警告,https://www.itmedia.co.jp/enterprise/articles/2510/29/news049.html,DatadogはMicrosoft Copilot Studioを悪用した新たなOAuthフィッシング手法「CoPhish」を発見した。攻撃者はOAuthトークンを奪取し、ユーザーデータに不正アクセスを実行する。
2025-10-29 07:06:00,OpenAIが組織再編、営利部門をPBCに　Microsoftとの契約更新も,https://www.itmedia.co.jp/news/articles/2510/29/news065.html,OpenAIは、営利企業をPBC（公益法人）に転換したと発表した。経営権は非営利団体側の「OpneAI Foundation」が握る。Microsoftは同社との契約を2032年まで延長し、1350億ドルのPBC株式を保有する。AGI到達後も、「適切な安全ガードレール」が備えられていることを条件に技術へのアクセスが可能になる。
2025-10-29 07:02:00,シャープにMIXIも　ロボが紡ぐ人との絆,https://xtech.nikkei.com/atcl/nxt/mag/nc/18/102200512/102200003/,　より「人間同士」のような関係性構築へ、AI（人工知能）搭載のロボット開発が進んでいる。基盤技術の進化で、人間から共感や愛情、信頼といった感情を引き出せるようになった。シャープやMIXI、カシオ計算機は、あたかも家族のような関係を実現するロボ作りに挑む。
2025-10-29 07:01:00,役員から面接官まで　進化する仕事の相棒,https://xtech.nikkei.com/atcl/nxt/mag/nc/18/102200512/102200002/,　経営会議で助言する役員から自己実現を助けるコーチ、新卒採用の面接官まで。AI（人工知能）が仕事のパートナーとして活躍するサービスが進化している。人間による従来の運営をしのぐ効率はもちろん、人への効果や影響も見逃せない。
2025-10-29 07:00:00,iPhone 17シリーズの販売価格　日本は最安値水準,https://xtech.nikkei.com/atcl/nxt/mag/nc/18/020600010/102200210/,　MM総研は世界39の国・地域において、米アップルが2025年9月19日に発売したiPhone 17シリーズの販売価格を調査した。調査はiPhone 17（256GB）、iPhone 17 Pro（512GB）、iPhone 17 Pro Max（2TB）の3モデルと、同時発売のiPhone Air（256GB）などを対象とした。
2025-10-29 07:00:00,生成AI悪用のランサムウエア出現,https://xtech.nikkei.com/atcl/nxt/mag/nnw/18/041800012/101700304/,　スロバキアのセキュリティーベンダーであるESETは、生成AI（Artificial Intelligence：人工知能）を悪用するランサムウエアを発見したと発表した。Xで公表したのは2025年8月27日（日本時間）のことだ。
2025-10-29 07:00:00,「無防備PDF」が標的に,https://xtech.nikkei.com/atcl/nxt/mag/nnw/18/041800013/101700096/,　国税関係書類などが改ざんリスクを抱えたまま一定期間置かれる「無防備PDF（Portable DocumentFormat）」の存在が浮き彫りになった。文書管理システムやデジタルトラストサービスを提供するウイングアーク1stが2025年7月に実施した調査で明らかにした。
2025-10-29 07:00:00,クラウドに潜む「隠れAI」　AI利用を規約に明示せず,https://xtech.nikkei.com/atcl/nxt/mag/nc/18/092400133/102300179/,　「AI（人工知能）を利用している企業向けクラウドサービスのうち、約4割が利用規約でAIの利用を明示していない」――。クラウドサービスや委託先のセキュリティー評価サービス「Assured」を手掛けるアシュアードの調査で、こうした実態が明らかになった。
2025-10-29 07:00:00,AIへの依存か愛着か　keep4oの想定外,https://xtech.nikkei.com/atcl/nxt/mag/nc/18/102200512/102200001/,　友人としての愛着か機械への依存か、迎合か冷静な回答か――。「GPT-4o」を巡る騒動は、AI（人工知能）と人との関係づくりの難しさを浮き彫りにした。AIの開発元や事業に生かす企業、利用者のそれぞれが、改めて問い直す時期に来ている。
2025-10-29 07:00:00,英アームが半導体メーカーに転身か　米クアルコムとの泥仕合係争で判明,https://xtech.nikkei.com/atcl/nxt/mag/nc/18/020600008/102300205/,　半導体設計大手の英アームが2022年に半導体メーカーの米クアルコムと、その子会社の半導体設計スタートアップの米ヌビアを相手取って起こしたライセンス契約訴訟について、米デラウェア州地方裁判所は2025年9月30日、「クアルコムもヌビアもアームが主張したアーキテクチャーライセンス契約（ALA）に違反していない」との判決を言い渡した。
2025-10-29 06:00:00,「AIで憧れの選手と2ショット」　米スタートアップが日本展開、その勝算は？,https://www.itmedia.co.jp/business/articles/2510/29/news028.html,AIの普及によりIPや「人間らしさ」の価値は高まっているものの、その利用条件や権利処理の複雑さは依然として大きな壁となっている。この難題に挑むのが、2023年にシリコンバレーで設立されたスタートアップZooly.aiだ。共同創業者兼CEOに、今後の展開について話を聞いた。
2025-10-29 05:00:00,最新版テクノロジー未来投資指数、宇宙データセンター関連技術が3位に登場,https://xtech.nikkei.com/atcl/nxt/column/18/03191/102700006/,　依然として勢いを保つAI（人工知能）の他にも、脱炭素関連技術の台頭が目立ち始めた。日経クロステックと、スタートアップデータベースを運用するZuvaは共同で「テクノロジー未来投資指数」を開発。Zuvaが保有する155万社を超えるスタートアップの資金調達動向を分析し、2025年6月末時点における技術セクターごとの成長期待値を算出して最新のトップ50ランキングを作成した。
2025-10-29 05:00:00,営農型拡大の本質は「高齢化で窮する農家と発電事業者の利害一致」,https://xtech.nikkei.com/atcl/nxt/column/18/02421/102400100/,　「営農型の中核事業は発電、営農は副次的なオマケ」という実態の背景に、何があるのか。発電事業者と営農者の力関係を事例から分析すると、見えてきたのは発電事業者が事業全体を制御する構造だった。
2025-10-29 05:00:00,SaaS大手ラクス、「SaaSは死んだ」時代の生き残りに布石　合従連衡も,https://xtech.nikkei.com/atcl/nxt/column/18/00001/11207/,　AI（人工知能）エージェントの普及をきっかけに「SaaS is Dead（SaaSは死んだ）」といった論調が米国から発信される中、業種業界を超えて利用される「ホリゾンタルSaaS」提供の国内最大手であるラクスが生き残りをかけて布石を打ち始めている。
2025-10-29 05:00:00,老親が暮らす部屋を見守る、「Tapo」なら室温を検知しエアコンを強制起動,https://xtech.nikkei.com/atcl/nxt/column/18/03341/091700002/,　離れて暮らす老親の生活を遠くからでも見守りたい。そんな人にお薦めしたいのが、ディスプレイ型の見守りカメラと、部屋の室温を監視するシステムだ。
2025-10-29 05:00:00,コードネームは「FinVision-Core」、次世代勘定系をBIPROGYが投入へ,https://xtech.nikkei.com/atcl/nxt/column/18/03372/101900005/,　BIPROGY（旧日本ユニシス）が次世代勘定系システムの開発を進めている。次世代システムはクラウドネーティブを志向し、SaaS型での提供をもくろむ。地方銀行で再編・統合や勘定系システムの切り替えが活発化する中、規模に劣る同社は生き残りに向けて先手を打つ。
2025-10-29 05:00:00,名鉄グループがデジタル人材育成に本腰、市民開発の「相談役」に生成AI駆使,https://xtech.nikkei.com/atcl/nxt/column/18/00001/11203/,　名古屋鉄道のDX部門が、100社超のグループ企業のデジタル人材育成に力を注いでいる。すでに20社を支援しており、ノーコード開発ツールなどを活用した市民開発をグループ全体に広め、デジタルスキル向上を狙っている。取り組みの鍵として重視するのが生成AI活用だ。
2025-10-29 05:00:00,AIコンパニオンは人間の「パートナー」になれるか、娯楽を超えて需要拡大,https://xtech.nikkei.com/atcl/nxt/column/18/03088/102200014/,　Zuvaのデータベースを基に、特定分野で最先端を走るスタートアップを5社選定し、解説する。今回のテーマは「AIコンパニオン」だ。
2025-10-29 05:00:00,空間知能,https://xtech.nikkei.com/atcl/nxt/keyword/18/00020/102600073/,　空間知能（Spatial Intelligence）とは、3次元空間を理解して行動するAI（人工知能）システムのこと。例えば、物体の奥行きや形状など物理空間を巡るデータをAIが扱えるようにすることで、高度な空間認識を実現させることが可能だ。ロボティクスや自動運転などの発展を促す技術として期待される。
2025-10-29 05:00:00,「北朝鮮IT労働者」が日本でも活動、クラウドソーシングで求職の可能性,https://xtech.nikkei.com/atcl/nxt/column/18/00001/11206/,　北朝鮮のIT労働者が身分を偽り、海外の企業などから不正に業務を受注して外貨を稼ぐ「北朝鮮IT労働者」が注目を集めている。米国などはもちろん、日本でもその活動が確認されている。クラウドソーシングサービスなどでITエンジニアを募集する企業は十分注意する必要がある。
2025-10-29 05:00:00,未来の出来事を取引する、米Kalshiの壮大な社会実験が変える金融のカタチ,https://xtech.nikkei.com/atcl/nxt/column/18/02994/102200014/,　米オンライン証券のRobinhood（ロビンフッド）が火を付けた「投資のゲーム化」は、株式市場のみならず、投資そのものの形を変えつつある。今、その最前線に立つのが米国発の予測市場取引所「Kalshi（カルシ）」だ。
2025-10-29 05:00:00,ぴあやMUFGのMCP活用法、社内環境システムへの接続から実証,https://xtech.nikkei.com/atcl/nxt/column/18/03379/102700004/,　ぴあや三菱UFJフィナンシャル・グループ（MUFG）はAI（人工知能）エージェントの構築などにおけるMCP（Model Context Protocol）の活用を実証し始めた。2社に共通するのは、主にAIエージェントの接続先としてプライベートネットワーク環境下にあるシステムから検証を始めている点だ。
2025-10-29 05:00:00,ルーター／UTM部門　ヤマハとフォーティネットが首位固め、活用進む生成AI,https://xtech.nikkei.com/atcl/nxt/column/18/03360/100100003/,　ルーター分野ではヤマハが2022年調査から続く1位を堅持した。同社がルーターを1995年に発売してから30年。日本の企業ネットワークに定着している。UTM／ファイアウオール分野ではフォーティネットジャパンが他社を圧倒した。
2025-10-29 05:00:00,光学式マウス使い会話を盗聴、音声を微小な振動で捉える驚がくの「手口」,https://xtech.nikkei.com/atcl/nxt/column/18/00676/102300208/,　コンピューターの入力機器であるマウスの高性能化が進んでいる。そこで米国の研究者グループは、会話などで発生する微小な振動を光学式マウスで捉えられないかと考えた。つまり、マウスをマイクの代わりにするのだ。可能なのだろうか。
2025-10-29 05:00:00,外国語の会議もこれで安心！　ZoomやTeamsの有料版で翻訳字幕を表示する,https://xtech.nikkei.com/atcl/nxt/column/18/03337/091200006/,　海外の取引先とのビデオ会議や外国語のオンラインセミナーへの参加が頭痛の種……。そんな人たちのお悩みを解決する翻訳ワザを紹介しよう。
2025-10-29 05:00:00,転勤で赤字になるITエンジニア、空き家手当などの支給でも足りない,https://xtech.nikkei.com/atcl/nxt/column/18/00084/00394/,　IT企業勤務のエンジニアです。大阪から東京に転勤することになりました。空き家手当は月3万円しか支給されず、管理費などを考えると足りません。また転勤の支度金として15万円支給されますが、これも足りません。
2025-10-28 19:14:00,AI橋田壽賀子、再び──AI活用の新作ドラマ「渡る世間は鬼ばかり 令和版」　12月に放送へ,https://www.itmedia.co.jp/aiplus/articles/2510/28/news121.html,BS-TBSは、新作ドラマ「AI橋田壽賀子 渡る世間は鬼ばかり 令和版」を放送すると発表した。テレビドラマ「渡る世間は鬼ばかり」の脚本データを学習したLLM「AI橋田壽賀子」が脚本を担当するドラマの第2弾。
2025-10-28 18:59:00,「Sora 2は著作権侵害」――出版・アニメ制作会社など集う国内団体が声明　OpenAIに要望書を提出,https://www.itmedia.co.jp/aiplus/articles/2510/28/news116.html,出版社やアニメ制作会社などで構成される団体・コンテンツ海外流通促進機構（CODA）は、米OpenAIの動画生成AI「Sora 2」に関し、同社に要望書を提出したと発表した。Sora 2の運用方法の変更を求めたという。
2025-10-28 17:00:00,ChatGPTが“操縦”するWebブラウザの使い心地は？　OpenAI「Atlas」レビュー　革新の裏にはリスクも,https://www.itmedia.co.jp/news/articles/2510/28/news109.html,米国時間の10月21日に、米OpenAIからAI統合型ブラウザ「ChatGPT Atlas」が発表されると、SNSではすぐにその動作の様子が投稿され、ネットには解説サイトが立ち上がるなど話題だ。ただその一方で、それほど単純な話ではないという意見も聞こえてくる。AI統合型ブラウザがもたらすものと、そのリスクは何か。ChatGPT Atlasにまつわる諸問題を検討してみたい。
2025-10-28 17:00:00,CTCがCOBOLをJavaに移行する新サービス、ロックイン回避を支援,https://xtech.nikkei.com/atcl/nxt/news/24/02909/,　伊藤忠テクノソリューションズ（CTC） は2025年10月28日、企業システムのモダナイゼーション（近代化）を支援する新サービス「re：Modern」の提供を開始すると発表した。新サービスでは、COBOLで記述されたアプリケーションをJavaに変換する。加えて、要件定義や保守対応などまで含めて提供する。
2025-10-28 14:56:00,ローソン、“AIメガネ”使った実証実験　店員の「この作業どうやるの？」をAIが回答　KDDIと共同で,https://www.itmedia.co.jp/aiplus/articles/2510/28/news088.html,KDDIは、ローソンと協力し、AIグラスを活用した業務効率化の実証実験を行うと発表した。ローソンの店舗で従業員がAIグラスを装着し、AIによる業務の支援や作業の可視化に取り組む。
2025-10-28 14:45:00,KDDI、1月に「大阪堺データセンター」稼働　AIデータセンター「3つの特徴」とは？,https://www.itmedia.co.jp/business/articles/2510/28/news086.html,KDDIは10月28日、「NVIDIA GB200 NVL72」を始めとする最新世代のAIサーバを搭載した「大阪堺データセンター」を2026年1月下旬に稼働させると発表した。
2025-10-28 13:01:00,NTT西が「本人公認」の声優ボイスAI、電子証明書や声色調整で市場創出へ,https://xtech.nikkei.com/atcl/nxt/column/18/00001/11209/,　NTT西日本は2025年10月27日、声優などの声に特化した生成AI（人工知能）サービス「VOICENCE（ボイセンス）」事業を始めたと発表した。本人や所属事務所の許諾の下で生成したAIボイスの正規流通市場の創出を図る。
2025-10-28 13:00:00,Amazonが最大3万人の人員削減を計画　AIでの効率化も影響か　関係筋,https://www.itmedia.co.jp/news/articles/2510/28/news082.html,米Amazonが10月27日（現地時間）から、最大3万人の人員削減を開始する計画だと、関係者3人が明らかにした。経費削減や、パンデミック期の過剰な雇用の調整が目的という。
2025-10-28 12:35:00,「Box」がよく使われる業務アプリの5位に　日本特有の「2つの要因」に迫る,https://www.itmedia.co.jp/enterprise/articles/2510/28/news008.html,ある調査によると、日本で最も利用されている業務アプリランキングの5位に食い込んだBoxは、世界版ランキングでは上位15位に入っていない。日本市場でBoxが“成功”した背景にある「2つの要因」とは。
2025-10-28 12:17:00,KDDI、AI検索サービス提供へ　Google Cloudと提携　許諾コンテンツに限定、「情報の無断利用」にNO,https://www.itmedia.co.jp/aiplus/articles/2510/28/news078.html,KDDIは、グーグル・クラウド・ジャパンと戦略的協業契約を締結したと発表した。米GoogleのAIモデル「Gemini」や、AIメモツール「NotebookLM」を活用し、Webメディアのコンテンツなどを基に情報検索できるサービスを展開する。
2025-10-28 12:10:00,“イーロン・マスク版Wikipedia”初期版公開　特徴はAIファクトチェック　「すでにWikipediaより優秀」,https://www.itmedia.co.jp/news/articles/2510/28/news077.html,米xAIは10月27日（米国時間）、生成AIを活用した独自の百科事典サービス「Grokipedia」の初期バージョン（version 0.1）を公開した。日本語には未対応。同社代表のイーロン・マスク氏は「バージョン1.0では10倍良くなる予定だが、すでにWikipediaより優れていると思う」とXに投稿している。
2025-10-28 11:54:00,ChatGPTで毎週約120万人が自殺について相談──OpenAIが対策を説明,https://www.itmedia.co.jp/news/articles/2510/28/news074.html,OpenAIは、ChatGPTの精神衛生対応を強化したと発表した。週当たり全ユーザーの約0.15％（WAUが8億人なので約120万人）が自殺の兆候を示す会話をしていると推定。多数の専門家と協力し、望ましくない応答をGPT-5でGPT-4o比最大52％削減するなど、安全性向上を図ったと説明した。
2025-10-28 08:00:00,1億3000万会員のデータ基盤「パンク寸前」の危機を救ったエンジニアの“地道な改革”,https://www.itmedia.co.jp/enterprise/articles/2510/28/news036.html,1億3000万会員を擁する「Vポイント」のビッグデータ基盤はいかにして再構築されたのか。CCCMKホールディングスが5年かけて実現したSnowflakeへの統合とAI活用の実践について解説する。
2025-10-28 08:00:00,「セルフレジの次のDX」は？　ロボ店員、アバター接客……大手コンビニ3社が進める“省人化計画”の中身,https://www.itmedia.co.jp/business/articles/2510/28/news030.html,コンビニエンスストア各社は、人手不足が厳しくなる中で、レジや売り場の店員を極力少なくして省人化に努めている。カギを握るセブン‐イレブン・ジャパン、ファミリーマート、ローソンの取り組みを聞いた。
2025-10-28 08:00:00,「声の権利」を守れ　NTT西、音声AI事業で狙う1000億円市場　別所哲也、花江夏樹などパートナーに,https://www.itmedia.co.jp/business/articles/2510/28/news051.html,NTT西日本が、声優・俳優の権利を守るAI音声事業「VOICENCE」を開始。フェイク音声対策と正規ライセンス市場の整備で、声の価値を未来へつなぐ1000億円市場を目指す。
2025-10-28 07:02:00,イメージ転換に課題　生成AIの影響にも注目,https://xtech.nikkei.com/atcl/nxt/mag/nc/18/102200513/102200003/,　SIer大手4社にとって、既存事業の大きさは事業転換の難しさに直結する。コンサル事業の中身に加え、顧客企業のイメージも変える必要がある。生成AI（人工知能）の台頭で、求められるコンサル事業そのものも様変わりしつつある。
2025-10-28 07:01:00,最大手4社の挑戦　SIの強みを生かす,https://xtech.nikkei.com/atcl/nxt/mag/nc/18/102200513/102200002/,　AI活用支援に経験者のリーダー人材採用、共創施設の活用──。後発となるSIer大手4社は、総力戦でコンサル事業強化に挑む。既存事業で培ったSIの強みを生かしつつ、新たな能力獲得へ模索が続く。
2025-10-28 07:00:00,全社的に変革人材を育成　基幹刷新で経営のDXも,https://xtech.nikkei.com/atcl/nxt/mag/nc/18/020600003/102200098/,　リモートワークの普及などでオフィス家具の市場変化に直面するオカムラ。DX（デジタル変革）人材を育成し、新規事業などで成果を出しつつある。基幹システム刷新でデータ基盤を整備し「経営のDX」にも踏み込む。
2025-10-28 07:00:00,アクセンチュアを追え　コンサルを主力事業に,https://xtech.nikkei.com/atcl/nxt/mag/nc/18/102200513/102200001/,　SIer最大手4社をコンサル強化へ動かすのは、各社に共通する危機感だ。主力事業であるSIの先行きに加え、アクセンチュアらコンサル大手の脅威も迫る。顧客との向き合い方から事業の内容、収益構造まですべてを変える覚悟で挑む。
2025-10-28 07:00:00,NTTグループのIT基盤で黒子役　顧客志向でドコモの成長支援へ,https://xtech.nikkei.com/atcl/nxt/mag/nc/18/020600001/102200195/,　NTTグループにおけるIT基盤の構築・運用を担う旧NTTコムウェアから社名を変更。NTTドコモ傘下となり、同社の成長領域をITで支援する役割も鮮明にした。ドコモの先にいる最終利用者の声を聞き、顧客起点でITの改善に努めると力を込める。
2025-10-28 07:00:00,Webサイトの証明書購買を自動化　可視化により有効期限の短縮に備え,https://xtech.nikkei.com/atcl/nxt/mag/nc/18/020600004/102200194/,　LINEヤフーはWebサイト証明書の購買を自動化し、9割の作業時間をゼロにした。約20万カ所に及ぶ通信端末に適用する証明書の有効期限も可視化した。証明書の利用急増や2029年3月までの段階的な有効期限の短縮に備える。
2025-10-28 07:00:00,NTT西の通信障害の原因判明,https://xtech.nikkei.com/atcl/nxt/mag/nnw/18/041800012/101700303/,　NTT西日本は2025年9月18日、9月16日に発生した通信障害に関する記者会見を開いた。原因はセキュリティーサーバーの更改作業におけるネットワーク機器の設定ミスにあり、大阪府や京都府、兵庫県を対象に、ひかり電話約111万契約、固定電話約116万契約の計227万契約ほどに影響を与えた。
2025-10-28 07:00:00,社内システムにつながらない　VPN装置狙うランサム被害に,https://xtech.nikkei.com/atcl/nxt/mag/nnw/18/041800004/101700094/,　物流事業者の関通はランサムウエア攻撃の被害に遭った。攻撃者はVPN装置経由で社内ネットワークに侵入。業務システムだけでなくバックアップデータも暗号化した。関通は業務システムのサーバーをAWSに移し、ハードウエアは全て廃棄して入れ替えることで復旧させた。
2025-10-28 06:39:00,Qualcomm、データセンター向けAI推論チップ市場に本格参入　「AI200」「AI250」発表,https://www.itmedia.co.jp/news/articles/2510/28/news063.html,Qualcommは、データセンター向けAI推論チップ「AI200」と「AI250」を発表した。AI200は2026年に、AI250は2027年に利用可能になる予定。サウジアラビアのHumainが200MW規模での導入を表明している。
2025-10-28 05:00:00,第一フロンティア生命、再委託先が使用するツールから情報流出,https://xtech.nikkei.com/atcl/nxt/column/18/00598/041800338/,　今回は、第一フロンティア生命保険の情報流出と、ひたちなかテクノセンターの個人情報漏洩、佐川急便の会員サービスへの不正ログイン被害を取り上げる。
2025-10-28 05:00:00,韓国科学技術院、量子コンピューターで新しいエネルギー材料の扉を開く,https://xtech.nikkei.com/atcl/nxt/column/18/03098/100700039/,　韓国科学技術院（KAIST）の研究者が量子コンピューティングを用いて多成分多孔質材料を設計し、この種の材料問題を量子デバイスで解決した初の事例となった。
2025-10-28 05:00:00,無線LAN部門　シスコシステムズが中規模以上で強さ、Wi-Fi 7は様子見続く,https://xtech.nikkei.com/atcl/nxt/column/18/03360/100100002/,　無線LAN部門では無線LANアクセスポイント（AP）と無線LANコントローラーの2分野の調査結果をまとめた。AP、コントローラー共にシスコシステムズが強さを見せた。無線LANの最新規格であるIEEE 802.11be（Wi-Fi 7）の利用は2.9％にとどまった。
2025-10-28 05:00:00,Nothing Headphone（1）を試して思い出した35年前の名著,https://xtech.nikkei.com/atcl/nxt/column/18/02598/102000026/,　英Nothingが2025年8月に販売を始めたばかりの新しいヘッドホン、「Nothing Headphone（1）」を試用した。ヘッドホンをかけながら操作しようとすれば、ボタン類は見えないため手探りにならざるを得ない。ただHeadphone（1）は操作しやすく感じた。
2025-10-28 05:00:00,VPN装置の脆弱性を突かれランサム被害に遭った関通、社長が語る侵害からの脱出劇,https://xtech.nikkei.com/atcl/nxt/column/18/01156/102000074/,　物流事業者の関通は2024年9月12日、ランサムウエア攻撃の被害に遭った。攻撃者はVPN装置経由で社内ネットワークに侵入。業務システムだけでなくバックアップデータも暗号化した。関通はこの緊急時をどう脱出したのか、一部始終を解説する。
2025-10-28 05:00:00,アームが半導体「メーカー」に転身か、クアルコムとの泥仕合係争で判明,https://xtech.nikkei.com/atcl/nxt/column/18/00848/00173/,　英アームが2022年に米クアルコムと子会社を相手取って起こしたライセンス契約訴訟で、注目すべき情報が出た。クアルコムが裁判所への提出文書や裁判で示した、「アームにはビジネスモデルを変革する意図がある」との主張だ。
2025-10-28 05:00:00,ごみ箱から戻せないファイルを専用ツールで復元、保存は外部メディアに,https://xtech.nikkei.com/atcl/nxt/column/18/03331/091000017/,　誤ってファイルを削除し焦った経験は誰でもあるだろう。通常、削除したファイルはごみ箱に移動するだけ。ごみ箱を開き、「元に戻す」を選べば、簡単に戻せる。ところが、状況によっては削除したファイルがごみ箱に入らず、すぐに消えてしまうこともある。
2025-10-28 05:00:00,防犯や見守りにネットワークカメラ、関連グッズでドアの開閉や室温を通知,https://xtech.nikkei.com/atcl/nxt/column/18/03341/091700001/,　「高齢の親が心配で頻繁に実家に帰っている」「強盗事件が話題になるたびに自宅の防犯が心配になる」「留守番をしている愛犬の様子を出先から確かめたい」など見守りや監視に関するニーズは高まる一方だ。
2025-10-28 05:00:00,増え続けるデジタル予算、かすむ3割削減　試される松本デジタル相の手腕,https://xtech.nikkei.com/atcl/nxt/column/18/03380/102500001/,　政府情報システムの運用コストを2025年度までに2020年度比3割削減するとした政府が目標の実現が困難になりつつある。新たに就任した松本尚デジタル相がどんな手腕を発揮するか試されそうだ。
2025-10-28 05:00:00,トヨタDRBFMは品質と低コスト両立の武器、無駄な費用が激減した導入企業も ,https://xtech.nikkei.com/atcl/nxt/column/18/03348/091800002/,　設計業務を中心にトヨタ流の改善や問題解決の方法を指導する中山聡史氏が、書籍『DRBFM』（日経BP）を著した。品質トラブルの未然防止手法であるDRBFM（故障モードに基づく設計審査）の普及の現状や習得のポイント、得られる効果について聞いた。
2025-10-28 05:00:00,クックパッドの料理AIコーチングを自腹で試した、チャーハンの腕前いかに,https://xtech.nikkei.com/atcl/nxt/column/18/00138/102101875/,　「やっぱり自腹で試してみようかな」。2025年9月のある日、私は思い立った。クックパッドの広報から聞いた同社の料理AIコーチングサービス「moment」のことだ。AIカメラで撮影すると、AIコーチから料理の指導を受けられるらしい。
2025-10-28 05:00:00,アクセンチュアが地銀勘定系に本格参入か、「リライト」で技術負債解消,https://xtech.nikkei.com/atcl/nxt/column/18/03372/101900004/,　アクセンチュアが地方銀行向け勘定系システム事業への本格参入をもくろんでいる。長野県信用組合の勘定系モダナイゼーションなどで得た知見やノウハウを地銀にも横展開する。コスト負担を抑えられる「リライト」という手法を採用し、技術負債を解消しながら、戦略領域である顧客接点などに経営資源を振り向ける。
2025-10-28 05:00:00,ワイヤレスでCarPlayやAndroid Auto、「Play2Video Ultra」の使い方,https://xtech.nikkei.com/atcl/nxt/column/18/00087/00410/,　今回は、中国Ottocast（オットキャスト）の「Play2Video Ultra」を例に、スマートフォン連携ディスプレーオーディオに接続するデバイスについて紹介していく。
2025-10-28 05:00:00,［Pythonクイズ］タプルの要素にインデックスを使わずにアクセスしたい？　意味が伝わる形に書き換えてみよう,https://atmarkit.itmedia.co.jp/ait/articles/2510/28/news013.html,タプルの要素には多くの場合「[0]」「[1]」のようなインデックスを使ってアクセスしますよね。でも、それでは何を意味しているのか分かりにくいことがあります。「意味が伝わる形」にするなら、どんな方法が考えられるでしょうか？（コード全体を見直しても構いません）
2025-10-28 05:00:00,国家資格にも登場？　「データマネジメント」が、生成AI活用の成否を分かつ理由,https://atmarkit.itmedia.co.jp/ait/articles/2510/28/news006.html,企業における生成AIの活用が加速する一方、蓄積したデータをAI自身に理解させなければAI活用の取り組みは頓挫しかねない――そこで本連載は、AI活用の成否を分ける「データマネジメント」に焦点を当てる。初回は、なぜデータマネジメントがAI活用の成否を分けるのか、AIがデータを正しく理解するために求められる取り組みを整理する。
2025-10-28 05:00:00,なぜ御社のAI人材採用は進まないのか、知っておきたい「求人票のべからず」,https://xtech.nikkei.com/atcl/nxt/column/18/00577/102300092/,　企業における生成AIの活用拡大を受けて、AI関連の求人が急増している。だが、思ったように採用が進まないケースが多い。AI人材の転職事情に明るい専門家が、AI関連人材採用の課題を解説する。
2025-10-27 19:26:00,花江夏樹さんやKizunaAIさんのAI音声を提供、NTT西　ブロックチェーン活用で“声の権利保護”うたう,https://www.itmedia.co.jp/aiplus/articles/2510/27/news104.html,NTT西日本は、“声の権利の保護”に関する機能が特徴とうたうAI音声サービス「VOICENCE」を発表した。無断で生成されたAI音声ではないことを証明できる機能を持つといい、声優の花江夏樹さんや、VTuberのKizunaAIさんなどの声をベースにしたAI音声が利用できる。
2025-10-27 18:15:00,“ChatGPT常駐ブラウザ”がついに登場　「ChatGPT Atlas」で見えた、AIと共に働く未来,https://www.itmedia.co.jp/enterprise/articles/2510/27/news081.html,OpenAIはAI機能を統合したWebブラウザ「ChatGPT Atlas」を公開した。文脈理解・要約・自動化機能を備え、ユーザー体験を革新する。AIと人の協働が融合する新しいWebブラウザへの取り組みと言える。
2025-10-27 14:50:00,Yahoo!フリマ、写真からAIが価格提案「らくらくAI査定」,https://www.itmedia.co.jp/aiplus/articles/2510/27/news085.html,「Yahoo!フリマ」のLINE公式アカウントで、写真を送信すると、AIが相場価格・商品説明などを提案する「らくらくAI査定」機能がスタート。
2025-10-27 14:21:00,KLab、みんなで育てる“AIアイドル”発表　ファンのX投稿で姿や性格が変化,https://www.itmedia.co.jp/aiplus/articles/2510/27/news083.html,
2025-10-27 14:00:00,2026年末までに「AIによる死亡」に関する法的請求は2000件を超える,https://atmarkit.itmedia.co.jp/ait/articles/2510/27/news042.html,2027年までに、採用プロセスの75％に、実践的なAIスキルのテストが含まれる。
2025-10-27 13:25:00,NTTの「特化型AI」戦略とは？　生成AIのビジネス活用における“勝ち筋”を探る,https://www.itmedia.co.jp/enterprise/articles/2510/27/news054.html,企業がこれから生成AIを社内業務だけでなく、ビジネスに活用するためにはどうすればよいか。NTTが注力する「特化型」の生成AIの活用戦略からヒントを探る。
2025-10-27 12:00:00,これは“サーベイ論文DDoS攻撃”だ──ChatGPT公開後に起きている学術界の論文汚染の実態,https://www.itmedia.co.jp/aiplus/articles/2510/27/news027.html,中国の上海交通大学に所属する研究者らは、大規模言語モデル（LLM）の登場により、生成AIによるサーベイ論文の増加していると指摘した研究報告を発表した。
2025-10-27 11:44:00,Xの“AIコンパニオン”に新たな美女キャラ「Mika」　24歳のバイク乗りお姉さん,https://www.itmedia.co.jp/aiplus/articles/2510/27/news066.html,イーロン・マスク氏率いる米xAIがAIチャットアプリ「Grok」をアップデートし、「コンパニオンモード」に新キャラクター「Mika」を追加した。フライトジャケットにダメージパンツ姿の女性キャラで、「Ani」など既存キャラと同様にコミュニケーションできる。
2025-10-27 07:01:00,OpenAI、ChatGPTにSlackやGoogleドライブに分散する情報を横断検索する「company knowledge」追加,https://www.itmedia.co.jp/aiplus/articles/2510/27/news046.html,OpenAIは法人、教育プラン向けChatGPTの新機能「company knowledge」を発表した。SlackやGoogleドライブなど組織内に分散する情報を横断検索し、ChatGPTが業務固有の回答を生成する。GPT-5ベースで、データはトレーニングに使われない。
2025-10-27 07:00:00,大手企業に広がる「隠れAI」リスクとセキュリティ実態　アシュアード調査,https://www.itmedia.co.jp/enterprise/articles/2510/27/news030.html,アシュアードの調査によると、大手企業の約3社に1社がSaaS内でAIを活用されているかどうかを把握しておらず、半数以上がAI関連のセキュリティインシデントを経験していた。
2025-10-27 05:00:00,「自称“Python祭り”について」と「飛行機内でもAIプログラミングしたい」,https://atmarkit.itmedia.co.jp/ait/articles/2510/27/news014.html,かわさきからは「自称“Python祭り”について」というタイトルでPython 3.14の新機能を紹介する連載記事の紹介と紹介しきれなかったトピックについて、一色からは「飛行機内でもAIプログラミングしたい」というタイトルで、16GBメモリのMacBook Pro（M4）上でVS CodeとローカルLLMを使ってプログラミングを試した体験とその感想について書きました。
2025-10-27 05:00:00,【Excelで学ぶデータ分析】寿司職人の腕はロボットよりも正確かを調べたい（F検定）,https://atmarkit.itmedia.co.jp/ait/articles/2510/27/news010.html,初歩から応用までステップアップしながら学んでいく『やさしいデータ分析』シリーズ（仮説検定編）の第5回。今回は、正規分布する2つの母集団の分散が等しいかどうかを調べる方法について解説します。
2025-10-25 09:00:00,ロボットを操縦しよう　日本科学未来館、AIやロボの“未来”を体験できるイベント開催,https://www.itmedia.co.jp/aiplus/articles/2510/25/news021.html,日本科学未来館は10月25日と26日に、AIやロボティクスに関する実証実験を来館者が体験できるイベント「未来をつくるラボ Open Day」を開催する。イベント展示では、ロボットを遠隔操作する体験などができる。
2025-10-24 18:02:00,AIキャラクター「りんな」、全てのSNSを無期限休止へ　日本発・会話型AIの先駆け,https://www.itmedia.co.jp/news/articles/2510/24/news118.html,rinnaは10月23日、AIキャラクター「りんな」が、29日をもって全てのSNS活動を無期限で休止すると発表した。
